SAMPLE ID,IGSN,EXPEDITION ID,REFERENCES,LATITUDE,LONGITUDE,LOC PREC,MIN ELEVATION,MAX ELEVATION,TECTONIC SETTING,MIN AGE,AGE,MAX AGE,METHOD,ANALYZED MATERIAL,ROCK TYPE,ROCK NAME,MINERAL,SiO2,TiO2,Al2O3,Cr2O3,Fe2O3,Fe2O3T,FeO,FeOT,NiO,MnO,MgO,CaO,SrO,Na2O,K2O,P2O5,BaO,LOI,H2O,H2O_M,H2O_P,SO2,SO3,V2O3,V2O5,ZnO,CoO,La2O3,Ce2O3,O,FeS2,S_SLFI,SLFA,C_NON_CARB,CaCO3,CuO,Cu2O,Dy2O3,FeCO3,Gd2O3,HfO,HfO2,MgCO3,MnCO3,Nb2O3,Nb2O5,Nd2O3,Sc2O3,Sm2O3,Ta2O5,ThO,ThO2,UO2,WO3,Y2O3,ZrO2,S_PY,TOC,Ag.1,Al.1,As.1,Ca.1,Cd.1,Co.1,Cu.1,GER,INDIUM,Mg.1,Mn.1,Ni.1,OS_INI,Pa,S.1,Si.1,Zn.1,Zr2O3,Ti.1,As.2,As.3,GER.1,H2O_M.1,H2O_P.1,H2O_M.2,H2O_P.2,INDIUM.1,area,depth_start,depth_end,depth_mean,Depth,DataBase,SAMPLE_INFO
ODP0129-0801B-043R-001/132-135,,ODP0129,"ANDERSEN, 2015; HAUFF, 2003; KELLEY, 2003",18.6423,156.36,0.0001,-5674.0,-5674.0,OLD_OCEANIC_CRUST,,,,ICPAES; ICPMS; IGN; MC-ICP-MS; MS-ID,WHOLE ROCK,IGNEOUS:VOLCANIC:MAFIC,ALKALI BASALT,,47.3,2.42,13.54,,12.51,,,,,0.153,11.16,6.85,,3.22,1.61,0.512,,5.74,,,,,,,,,,,,,,,,,,,,,,,,,,,,,,,,,,,,,,,,,,,,,,60.4,35.5,,,,,310.0,,,,,90.5,,,,,,,,,,,pacific_plate_west_ref,132.0,135.0,133.5,493.52,Northwest_Pacific,Seafloor altered basalt
ODP0129-0801B-038R-001/022-025,,ODP0129,"CASTILLO, 1992",18.6423,156.36,0.0001,-5674.0,-5674.0,OLD_OCEANIC_CRUST,,,,IGN; INAA; TITR; VOL; XRF,WHOLE ROCK,IGNEOUS:VOLCANIC:MAFIC,BASALT,,51.45,2.67,18.62,,5.97,,0.61,,,0.04,4.69,2.0,,2.04,5.8,0.36,,5.67,,,4.81,,,,,,,,,,,,,,,,,,,,,,,,,,,,,,,,,,,,,,,,,,,18.0,64.0,,,,,67.0,,,162.0,,93.0,,,,,,,4.81,,4.81,,pacific_plate_west_ref,22.0,25.0,23.5,466.32,Northwest_Pacific,Seafloor altered basalt
ODP0129-0801B-040R-001/015-018,,ODP0129,"CASTILLO, 1992",18.6423,156.36,0.0001,-5674.0,-5674.0,OLD_OCEANIC_CRUST,,,,IGN; INAA; TITR; VOL; XRF,WHOLE ROCK,IGNEOUS:VOLCANIC:MAFIC,BASALT,,51.58,3.3,17.42,,9.02,,0.75,,,0.12,2.75,2.63,,2.91,5.88,0.63,,2.68,,,2.72,,,,,,,,,,,,,,,,,,,,,,,,,,,,,,,,,,,,,,,,,,,36.0,37.0,,,,,82.0,,,105.0,,111.0,,,,,,,2.72,,2.72,,pacific_plate_west_ref,15.0,18.0,16.5,477.05,Northwest_Pacific,Seafloor altered basalt
ODP0129-0801B-041R-001/020-025,,ODP0129,"CASTILLO, 1992",18.6423,156.36,0.0001,-5674.0,-5674.0,OLD_OCEANIC_CRUST,,,,IGN; INAA; TITR; VOL; XRF,WHOLE ROCK,IGNEOUS:VOLCANIC:MAFIC,BASALT,,46.33,3.56,15.14,,4.27,,5.57,,,0.14,4.52,7.71,,3.88,3.01,0.69,,4.67,,,1.54,,,,,,,,,,,,,,,,,,,,,,,,,,,,,,,,,,,,,,,,,,,,44.0,,,,,28.0,,,251.0,,101.0,,,,,,,1.54,,1.54,,pacific_plate_west_ref,20.0,25.0,22.5,484.7,Northwest_Pacific,Seafloor altered basalt
ODP0129-0801B-041R-001/026-031,,ODP0129,"CASTILLO, 1992",18.6423,156.36,0.0001,-5674.0,-5674.0,OLD_OCEANIC_CRUST,,,,IGN; INAA; TITR; VOL; XRF,WHOLE ROCK,IGNEOUS:VOLCANIC:MAFIC,BASALT,,45.77,3.31,16.03,,4.76,,4.72,,,0.14,5.2,8.25,,3.81,2.14,0.62,,5.09,,,2.0,,,,,,,,,,,,,,,,,,,,,,,,,,,,,,,,,,,,,,,,,,,28.0,44.0,,,,,46.0,,,358.0,,90.0,,,,,,,2.0,,2.0,,pacific_plate_west_ref,26.0,31.0,28.5,483.26,Northwest_Pacific,Seafloor altered basalt
ODP0129-0801B-041R-001/130-136,,ODP0129,"CASTILLO, 1992",18.6423,156.36,0.0001,-5674.0,-5674.0,OLD_OCEANIC_CRUST,,,,IGN; INAA; TITR; VOL; XRF,WHOLE ROCK,IGNEOUS:VOLCANIC:MAFIC,BASALT,,46.08,3.24,15.8,,4.28,,5.79,,,0.15,4.86,7.64,,3.71,2.61,0.61,,4.71,,,1.55,,,,,,,,,,,,,,,,,,,,,,,,,,,,,,,,,,,,,,,,,,,,44.0,,,,,45.0,,,250.0,,90.0,,,,,,,1.55,,1.55,,pacific_plate_west_ref,130.0,136.0,133.0,484.3,Northwest_Pacific,Seafloor altered basalt
ODP0129-0801B-042R-002/000-007,,ODP0129,"CASTILLO, 1992",18.6423,156.36,0.0001,-5674.0,-5674.0,OLD_OCEANIC_CRUST,,,,IGN; INAA; TITR; VOL; XRF,WHOLE ROCK,IGNEOUS:VOLCANIC:MAFIC,BASALT,,46.91,2.89,17.42,,4.63,,4.68,,,0.14,6.5,8.36,,3.43,1.96,0.54,,2.93,,,1.97,,,,,,,,,,,,,,,,,,,,,,,,,,,,,,,,,,,,,,,,,,,,37.0,,,,,69.0,,,276.0,,72.0,,,,,,,1.97,,1.97,,pacific_plate_west_ref,0.0,7.0,3.5,489.05,Northwest_Pacific,Seafloor altered basalt
ODP0129-0801B-042R-002/129-134,,ODP0129,"CASTILLO, 1992",18.6423,156.36,0.0001,-5674.0,-5674.0,OLD_OCEANIC_CRUST,,,,IGN; INAA; TITR; VOL; XRF,WHOLE ROCK,IGNEOUS:VOLCANIC:MAFIC,BASALT,,46.33,2.92,16.96,,4.04,,5.7,,,0.14,7.18,8.06,,3.26,1.82,0.56,,2.85,,,2.09,,,,,,,,,,,,,,,,,,,,,,,,,,,,,,,,,,,,,,,,,,,34.0,39.0,,,,,92.0,,,298.0,,71.0,,,,,,,2.09,,2.09,,pacific_plate_west_ref,129.0,134.0,131.5,490.34,Northwest_Pacific,Seafloor altered basalt
ODP0129-0801B-043R-001/022-027,,ODP0129,"CASTILLO, 1992",18.6423,156.36,0.0001,-5674.0,-5674.0,OLD_OCEANIC_CRUST,,,,IGN; INAA; TITR; VOL; XRF,WHOLE ROCK,IGNEOUS:VOLCANIC:MAFIC,BASALT,,45.88,2.94,15.23,,4.7,,5.7,,,0.13,8.28,6.21,,4.02,1.9,0.55,,4.58,,,4.17,,,,,,,,,,,,,,,,,,,,,,,,,,,,,,,,,,,,,,,,,,,46.0,39.0,,,,,163.0,,,379.0,,86.0,,,,,,,4.17,,4.17,,pacific_plate_west_ref,22.0,27.0,24.5,492.24,Northwest_Pacific,Seafloor altered basalt
ODP0129-0801B-043R-001/128-134,,ODP0129,"CASTILLO, 1992",18.6423,156.36,0.0001,-5674.0,-5674.0,OLD_OCEANIC_CRUST,,,,IGN; INAA; TITR; VOL; XRF,WHOLE ROCK,IGNEOUS:VOLCANIC:MAFIC,BASALT,,44.43,2.48,13.11,,5.73,,5.72,,,0.15,10.58,6.59,,2.76,1.46,0.46,,6.16,,,3.27,,,,,,,,,,,,,,,,,,,,,,,,,,,,,,,,,,,,,,,,,,,,35.0,,,,,375.0,,,1388.0,,89.0,,,,,,,3.27,,3.27,,pacific_plate_west_ref,128.0,134.0,131.0,493.48,Northwest_Pacific,Seafloor altered basalt
ODP0129-0801B-043R-004/005-010,,ODP0129,"CASTILLO, 1992",18.6423,156.36,0.0001,-5674.0,-5674.0,OLD_OCEANIC_CRUST,,,,IGN; INAA; TITR; VOL; XRF,WHOLE ROCK,IGNEOUS:VOLCANIC:MAFIC,BASALT,,47.2,3.08,16.83,,4.11,,4.59,,,0.2,3.58,6.15,,3.84,3.27,0.59,,6.82,,,2.14,,,,,,,,,,,,,,,,,,,,,,,,,,,,,,,,,,,,,,,,,,,23.0,33.0,,,,,41.0,,,234.0,,81.0,,,,,,,2.14,,2.14,,pacific_plate_west_ref,5.0,10.0,7.5,496.53,Northwest_Pacific,Seafloor altered basalt
ODP0129-0801B-044R-001/018-024,,ODP0129,"CASTILLO, 1992",18.6423,156.36,0.0001,-5674.0,-5674.0,OLD_OCEANIC_CRUST,,,,IGN; INAA; TITR; VOL; XRF,WHOLE ROCK,IGNEOUS:VOLCANIC:MAFIC,BASALT,,44.87,3.26,16.8,,3.76,,4.16,,,0.31,2.65,9.37,,4.01,2.94,0.57,,7.69,,,1.57,,,,,,,,,,,,,,,,,,,,,,,,,,,,,,,,,,,,,,,,,,,,35.0,,,,,60.0,,,214.0,,79.0,,,,,,,1.57,,1.57,,pacific_plate_west_ref,18.0,24.0,21.0,501.88,Northwest_Pacific,Seafloor altered basalt
ODP0129-0801B-044R-001/107-113,,ODP0129,"CASTILLO, 1992",18.6423,156.36,0.0001,-5674.0,-5674.0,OLD_OCEANIC_CRUST,,,,IGN; INAA; TITR; VOL; XRF,WHOLE ROCK,IGNEOUS:VOLCANIC:MAFIC,BASALT,,48.13,3.26,17.72,,4.32,,3.22,,,0.18,3.05,4.35,,3.12,4.57,0.57,,6.96,,,3.34,,,,,,,,,,,,,,,,,,,,,,,,,,,,,,,,,,,,,,,,,,,43.0,35.0,,,,,107.0,,,347.0,,87.0,,,,,,,3.34,,3.34,,pacific_plate_west_ref,107.0,113.0,110.0,502.77,Northwest_Pacific,Seafloor altered basalt
ODP0129-0801B-044R-002/027-032,,ODP0129,"CASTILLO, 1992",18.6423,156.36,0.0001,-5674.0,-5674.0,OLD_OCEANIC_CRUST,,,,IGN; INAA; TITR; VOL; XRF,WHOLE ROCK,IGNEOUS:VOLCANIC:MAFIC,BASALT,,51.42,3.27,17.7,,3.75,,3.27,,,0.13,3.03,3.56,,3.2,5.67,0.55,,4.38,,,2.06,,,,,,,,,,,,,,,,,,,,,,,,,,,,,,,,,,,,,,,,,,,,42.0,,,,,93.0,,,264.0,,69.0,,,,,,,2.06,,2.06,,pacific_plate_west_ref,27.0,32.0,29.5,503.42,Northwest_Pacific,Seafloor altered basalt
ODP0129-0801B-044R-003/028-033,,ODP0129,"CASTILLO, 1992",18.6423,156.36,0.0001,-5674.0,-5674.0,OLD_OCEANIC_CRUST,,,,IGN; INAA; TITR; VOL; XRF,WHOLE ROCK,IGNEOUS:VOLCANIC:MAFIC,BASALT,,47.65,3.16,17.22,,4.18,,5.04,,,0.14,4.21,7.24,,4.08,2.31,0.57,,3.65,,,1.4,,,,,,,,,,,,,,,,,,,,,,,,,,,,,,,,,,,,,,,,,,,35.0,36.0,,,,,59.0,,,285.0,,83.0,,,,,,,1.4,,1.4,,pacific_plate_west_ref,28.0,33.0,30.5,504.91,Northwest_Pacific,Seafloor altered basalt
ODP0129-0801C-001R-001/014-020,,ODP0129,"CASTILLO, 1992",18.6423,156.36,0.0001,-5674.0,-5674.0,OLD_OCEANIC_CRUST,,,,IGN; INAA; TITR; VOL; XRF,WHOLE ROCK,IGNEOUS:VOLCANIC:MAFIC,BASALT,,44.06,2.69,14.18,,4.49,,6.34,,,0.16,10.14,7.44,,2.58,1.57,0.51,,5.31,,,2.42,,,,,,,,,,,,,,,,,,,,,,,,,,,,,,,,,,,,,,,,,,,,39.0,,,,,247.0,,,381.0,,84.0,,,,,,,2.42,,2.42,,pacific_plate_west_ref,14.0,20.0,17.0,493.84,Northwest_Pacific,Seafloor altered basalt
ODP0129-0801C-001R-001/109-114,,ODP0129,"CASTILLO, 1992",18.6423,156.36,0.0001,-5674.0,-5674.0,OLD_OCEANIC_CRUST,,,,IGN; INAA; TITR; VOL; XRF,WHOLE ROCK,IGNEOUS:VOLCANIC:MAFIC,BASALT,,44.92,2.8,14.72,,3.62,,6.4,,,0.15,9.58,6.46,,3.45,1.75,0.6,,5.3,,,3.77,,,,,,,,,,,,,,,,,,,,,,,,,,,,,,,,,,,,,,,,,,,46.0,40.0,,,,,197.0,,,263.0,,86.0,,,,,,,3.77,,3.77,,pacific_plate_west_ref,109.0,114.0,111.5,494.79,Northwest_Pacific,Seafloor altered basalt
ODP0129-0801C-001R-005/033-038,,ODP0129,"CASTILLO, 1992",18.6423,156.36,0.0001,-5674.0,-5674.0,OLD_OCEANIC_CRUST,,,,IGN; INAA; TITR; VOL; XRF,WHOLE ROCK,IGNEOUS:VOLCANIC:MAFIC,BASALT,,46.13,3.14,16.57,,3.96,,5.79,,,0.16,5.08,6.59,,4.63,2.43,0.57,,4.36,,,2.9,,,,,,,,,,,,,,,,,,,,,,,,,,,,,,,,,,,,,,,,,,,30.0,36.0,,,,,57.0,,,312.0,,76.0,,,,,,,2.9,,2.9,,pacific_plate_west_ref,33.0,38.0,35.5,498.88,Northwest_Pacific,Seafloor altered basalt
ODP0129-0801C-002R-001/112-118,,ODP0129,"CASTILLO, 1992",18.6423,156.36,0.0001,-5674.0,-5674.0,OLD_OCEANIC_CRUST,,,,IGN; INAA; TITR; VOL; XRF,WHOLE ROCK,IGNEOUS:VOLCANIC:MAFIC,BASALT,,45.53,3.07,16.31,,4.25,,5.32,,,0.16,4.68,7.14,,3.94,2.14,0.61,,6.92,,,1.86,,,,,,,,,,,,,,,,,,,,,,,,,,,,,,,,,,,,,,,,,,,28.0,40.0,,,,,42.0,,,307.0,,83.0,,,,,,,1.86,,1.86,,pacific_plate_west_ref,112.0,118.0,115.0,504.12,Northwest_Pacific,Seafloor altered basalt
ODP0129-0801C-002R-003/114-119,,ODP0129,"CASTILLO, 1992",18.6423,156.36,0.0001,-5674.0,-5674.0,OLD_OCEANIC_CRUST,,,,IGN; INAA; TITR; VOL; XRF,WHOLE ROCK,IGNEOUS:VOLCANIC:MAFIC,BASALT,,45.25,3.17,16.77,,3.73,,5.27,,,0.19,4.9,6.34,,3.98,2.45,0.6,,7.39,,,2.13,,,,,,,,,,,,,,,,,,,,,,,,,,,,,,,,,,,,,,,,,,,41.0,42.0,,,,,114.0,,,279.0,,78.0,,,,,,,2.13,,2.13,,pacific_plate_west_ref,114.0,119.0,116.5,506.98,Northwest_Pacific,Seafloor altered basalt
ODP0129-0801C-002R-004/071-076,,ODP0129,"CASTILLO, 1992",18.6423,156.36,0.0001,-5674.0,-5674.0,OLD_OCEANIC_CRUST,,,,IGN; INAA; TITR; VOL; XRF,WHOLE ROCK,IGNEOUS:VOLCANIC:MAFIC,BASALT,,45.95,3.15,16.4,,3.66,,6.19,,,0.15,5.28,7.13,,3.86,2.33,0.54,,5.82,,,1.36,,,,,,,,,,,,,,,,,,,,,,,,,,,,,,,,,,,,,,,,,,,,40.0,,,,,46.0,,,246.0,,87.0,,,,,,,1.36,,1.36,,pacific_plate_west_ref,71.0,76.0,73.5,507.81,Northwest_Pacific,Seafloor altered basalt
ODP0129-0801C-005R-001/103-105,,ODP0129,"CASTILLO, 1992",18.6423,156.36,0.0001,-5674.0,-5674.0,OLD_OCEANIC_CRUST,,,,IGN; INAA; TITR; VOL; XRF,WHOLE ROCK,IGNEOUS:VOLCANIC:MAFIC,BASALT,,52.13,1.23,18.78,,4.76,,0.61,,,0.07,1.86,5.02,,1.37,6.88,0.02,,6.74,,,3.53,,,,,,,,,,,,,,,,,,,,,,,,,,,,,,,,,,,,,,,,,,,8.0,20.0,,,,,46.0,,,125.0,,39.0,,,,,,,3.53,,3.53,,pacific_plate_west_ref,103.0,105.0,104.0,532.23,Northwest_Pacific,Seafloor altered basalt
ODP0129-0801C-005R-002/087-089,,ODP0129,"CASTILLO, 1992",18.6423,156.36,0.0001,-5674.0,-5674.0,OLD_OCEANIC_CRUST,,,,IGN; INAA; TITR; VOL; XRF,WHOLE ROCK,IGNEOUS:VOLCANIC:MAFIC,BASALT,,45.35,1.2,19.62,,3.85,,1.96,,,0.1,3.06,13.57,,2.93,0.7,0.02,,7.27,,,1.7,,,,,,,,,,,,,,,,,,,,,,,,,,,,,,,,,,,,,,,,,,,23.0,88.0,,,,,85.0,,,326.0,,48.0,,,,,,,1.7,,1.7,,pacific_plate_west_ref,87.0,89.0,88.0,533.33,Northwest_Pacific,Seafloor altered basalt
ODP0129-0801C-005R-003/038-043,,ODP0129,"CASTILLO, 1992",18.6423,156.36,0.0001,-5674.0,-5674.0,OLD_OCEANIC_CRUST,,,,IGN; INAA; TITR; VOL; XRF,WHOLE ROCK,IGNEOUS:VOLCANIC:MAFIC,BASALT,,45.91,1.15,19.39,,3.46,,3.6,,,0.13,4.79,13.14,,2.74,0.06,0.07,,5.06,,,1.44,,,,,,,,,,,,,,,,,,,,,,,,,,,,,,,,,,,,,,,,,,,66.0,86.0,,,,,89.0,,,493.0,,56.0,,,,,,,1.44,,1.44,,pacific_plate_west_ref,38.0,43.0,40.5,534.15,Northwest_Pacific,Seafloor altered basalt
ODP0129-0801C-005R-003/125-131,,ODP0129,"CASTILLO, 1992",18.6423,156.36,0.0001,-5674.0,-5674.0,OLD_OCEANIC_CRUST,,,,IGN; INAA; TITR; VOL; XRF,WHOLE ROCK,IGNEOUS:VOLCANIC:MAFIC,BASALT,,45.59,1.03,6.63,,6.62,,9.58,,,0.39,4.05,6.94,,1.28,1.28,0.05,,15.92,,,1.49,,,,,,,,,,,,,,,,,,,,,,,,,,,,,,,,,,,,,,,,,,,,47.0,,,,,120.0,,,168.0,,181.0,,,,,,,1.49,,1.49,,pacific_plate_west_ref,125.0,131.0,128.0,535.02,Northwest_Pacific,Seafloor altered basalt
ODP0129-0801C-006R-002/029-034,,ODP0129,"CASTILLO, 1992",18.6423,156.36,0.0001,-5674.0,-5674.0,OLD_OCEANIC_CRUST,,,,IGN; INAA; TITR; VOL; XRF,WHOLE ROCK,IGNEOUS:VOLCANIC:MAFIC,BASALT,,46.43,0.98,16.32,,2.54,,5.9,,,0.14,9.67,11.48,,2.16,0.05,0.05,,4.45,,,1.51,,,,,,,,,,,,,,,,,,,,,,,,,,,,,,,,,,,,,,,,,,,48.0,79.0,,,,,240.0,,,383.0,,53.0,,,,,,,1.51,,1.51,,pacific_plate_west_ref,29.0,34.0,31.5,542.08,Northwest_Pacific,Seafloor altered basalt
ODP0129-0801C-006R-002/119-124,,ODP0129,"CASTILLO, 1992",18.6423,156.36,0.0001,-5674.0,-5674.0,OLD_OCEANIC_CRUST,,,,IGN; INAA; TITR; VOL; XRF,WHOLE ROCK,IGNEOUS:VOLCANIC:MAFIC,BASALT,,46.4,1.0,17.22,,3.44,,4.85,,,0.16,7.69,12.84,,2.37,0.02,0.01,,3.91,,,1.1,,,,,,,,,,,,,,,,,,,,,,,,,,,,,,,,,,,,,,,,,,,,82.0,,,,,283.0,,,505.0,,69.0,,,,,,,1.1,,1.1,,pacific_plate_west_ref,119.0,124.0,121.5,542.98,Northwest_Pacific,Seafloor altered basalt
ODP0129-0801C-006R-003/037-042,,ODP0129,"CASTILLO, 1992",18.6423,156.36,0.0001,-5674.0,-5674.0,OLD_OCEANIC_CRUST,,,,IGN; INAA; TITR; VOL; XRF,WHOLE ROCK,IGNEOUS:VOLCANIC:MAFIC,BASALT,,40.58,0.98,17.53,,2.87,,2.48,,,0.18,2.71,16.37,,2.63,0.9,0.01,,12.28,,,1.86,,,,,,,,,,,,,,,,,,,,,,,,,,,,,,,,,,,,,,,,,,,,85.0,,,,,220.0,,,323.0,,52.0,,,,,,,1.86,,1.86,,pacific_plate_west_ref,37.0,42.0,39.5,543.56,Northwest_Pacific,Seafloor altered basalt
ODP0129-0801C-007R-001/053-058,,ODP0129,"CASTILLO, 1992",18.6423,156.36,0.0001,-5674.0,-5674.0,OLD_OCEANIC_CRUST,,,,IGN; INAA; TITR; VOL; XRF,WHOLE ROCK,IGNEOUS:VOLCANIC:MAFIC,BASALT,,48.26,1.93,13.23,,3.5,,9.12,,,0.2,6.96,11.16,,2.68,0.08,0.16,,2.58,,,0.59,,,,,,,,,,,,,,,,,,,,,,,,,,,,,,,,,,,,,,,,,,,,81.0,,,,,71.0,,,576.0,,98.0,,,,,,,0.59,,0.59,,pacific_plate_west_ref,53.0,58.0,55.5,550.63,Northwest_Pacific,Seafloor altered basalt
ODP0129-0801C-007R-001/099-105,,ODP0129,"CASTILLO, 1992",18.6423,156.36,0.0001,-5674.0,-5674.0,OLD_OCEANIC_CRUST,,,,IGN; INAA; TITR; VOL; XRF,WHOLE ROCK,IGNEOUS:VOLCANIC:MAFIC,BASALT,,47.01,1.96,13.58,,3.35,,8.43,,,0.19,6.62,11.44,,2.73,0.06,0.15,,3.86,,,0.85,,,,,,,,,,,,,,,,,,,,,,,,,,,,,,,,,,,,,,,,,,,53.0,73.0,,,,,71.0,,,607.0,,101.0,,,,,,,0.85,,0.85,,pacific_plate_west_ref,99.0,105.0,102.0,551.09,Northwest_Pacific,Seafloor altered basalt
ODP0129-0801C-007R-003/000-005,,ODP0129,"CASTILLO, 1992",18.6423,156.36,0.0001,-5674.0,-5674.0,OLD_OCEANIC_CRUST,,,,IGN; INAA; TITR; VOL; XRF,WHOLE ROCK,IGNEOUS:VOLCANIC:MAFIC,BASALT,,47.04,1.97,13.82,,6.4,,6.46,,,0.15,6.18,11.16,,2.79,0.44,0.1,,2.95,,,1.11,,,,,,,,,,,,,,,,,,,,,,,,,,,,,,,,,,,,,,,,,,,,74.0,,,,,58.0,,,502.0,,107.0,,,,,,,1.11,,1.11,,pacific_plate_west_ref,0.0,5.0,2.5,552.98,Northwest_Pacific,Seafloor altered basalt
ODP0129-0801C-007R-004/077-083,,ODP0129,"CASTILLO, 1992",18.6423,156.36,0.0001,-5674.0,-5674.0,OLD_OCEANIC_CRUST,,,,IGN; INAA; TITR; VOL; XRF,WHOLE ROCK,IGNEOUS:VOLCANIC:MAFIC,BASALT,,48.88,2.01,13.71,,4.17,,7.65,,,0.17,6.64,11.31,,2.76,0.07,0.09,,1.7,,,0.91,,,,,,,,,,,,,,,,,,,,,,,,,,,,,,,,,,,,,,,,,,,47.0,76.0,,,,,67.0,,,622.0,,106.0,,,,,,,0.91,,0.91,,pacific_plate_west_ref,77.0,83.0,80.0,555.2,Northwest_Pacific,Seafloor altered basalt
ODP0129-0801C-007R-004/137-142,,ODP0129,"CASTILLO, 1992",18.6423,156.36,0.0001,-5674.0,-5674.0,OLD_OCEANIC_CRUST,,,,IGN; INAA; TITR; VOL; XRF,WHOLE ROCK,IGNEOUS:VOLCANIC:MAFIC,BASALT,,46.61,1.91,13.41,,3.06,,8.3,,,0.19,6.25,12.31,,2.82,0.1,0.09,,4.41,,,0.51,,,,,,,,,,,,,,,,,,,,,,,,,,,,,,,,,,,,,,,,,,,,71.0,,,,,56.0,,,644.0,,94.0,,,,,,,0.51,,0.51,,pacific_plate_west_ref,137.0,142.0,139.5,555.8,Northwest_Pacific,Seafloor altered basalt
ODP0129-0801C-008R-001/065-067,,ODP0129,"CASTILLO, 1992",18.6423,156.36,0.0001,-5674.0,-5674.0,OLD_OCEANIC_CRUST,,,,IGN; INAA; TITR; VOL; XRF,WHOLE ROCK,IGNEOUS:VOLCANIC:MAFIC,BASALT,,46.66,2.19,15.92,,7.86,,2.25,,,0.08,2.99,10.65,,3.47,0.84,0.14,,7.3,,,2.14,,,,,,,,,,,,,,,,,,,,,,,,,,,,,,,,,,,,,,,,,,,26.0,73.0,,,,,61.0,,,269.0,,70.0,,,,,,,2.14,,2.14,,pacific_plate_west_ref,65.0,67.0,66.0,560.15,Northwest_Pacific,Seafloor altered basalt
ODP0129-0801C-008R-001/101-106,,ODP0129,"CASTILLO, 1992",18.6423,156.36,0.0001,-5674.0,-5674.0,OLD_OCEANIC_CRUST,,,,IGN; INAA; TITR; VOL; XRF,WHOLE ROCK,IGNEOUS:VOLCANIC:MAFIC,BASALT,,47.38,1.9,13.32,,2.76,,9.57,,,0.23,6.61,11.77,,2.69,0.1,0.09,,3.61,,,0.55,,,,,,,,,,,,,,,,,,,,,,,,,,,,,,,,,,,,,,,,,,,,73.0,,,,,55.0,,,561.0,,107.0,,,,,,,0.55,,0.55,,pacific_plate_west_ref,101.0,106.0,103.5,560.51,Northwest_Pacific,Seafloor altered basalt
ODP0129-0801C-008R-002/078-080,,ODP0129,"CASTILLO, 1992",18.6423,156.36,0.0001,-5674.0,-5674.0,OLD_OCEANIC_CRUST,,,,IGN; INAA; TITR; VOL; XRF,WHOLE ROCK,IGNEOUS:VOLCANIC:MAFIC,BASALT,,47.49,1.89,13.36,,3.48,,8.25,,,0.21,7.4,12.82,,2.71,0.08,0.16,,3.34,,,0.57,,,,,,,,,,,,,,,,,,,,,,,,,,,,,,,,,,,,,,,,,,,48.0,74.0,,,,,58.0,,,541.0,,101.0,,,,,,,0.57,,0.57,,pacific_plate_west_ref,78.0,80.0,79.0,561.35,Northwest_Pacific,Seafloor altered basalt
ODP0129-0801C-008R-002/133-139,,ODP0129,"CASTILLO, 1992",18.6423,156.36,0.0001,-5674.0,-5674.0,OLD_OCEANIC_CRUST,,,,IGN; INAA; TITR; VOL; XRF,WHOLE ROCK,IGNEOUS:VOLCANIC:MAFIC,BASALT,,48.52,1.91,13.4,,3.59,,8.9,,,0.2,6.66,11.47,,3.49,0.09,0.15,,1.77,,,0.91,,,,,,,,,,,,,,,,,,,,,,,,,,,,,,,,,,,,,,,,,,,47.0,74.0,,,,,64.0,,,654.0,,104.0,,,,,,,0.91,,0.91,,pacific_plate_west_ref,133.0,139.0,136.0,561.9,Northwest_Pacific,Seafloor altered basalt
ODP0129-0801C-009R-005/020-024,,ODP0129,"CASTILLO, 1992",18.6423,156.36,0.0001,-5674.0,-5674.0,OLD_OCEANIC_CRUST,,,,IGN; INAA; TITR; VOL; XRF,WHOLE ROCK,IGNEOUS:VOLCANIC:MAFIC,BASALT,,49.1,1.71,14.05,,3.49,,7.81,,,0.18,7.19,11.73,,2.62,0.05,0.06,,1.31,,,0.97,,,,,,,,,,,,,,,,,,,,,,,,,,,,,,,,,,,,,,,,,,,46.0,78.0,,,,,69.0,,,670.0,,93.0,,,,,,,0.97,,0.97,,pacific_plate_west_ref,20.0,24.0,22.0,568.81,Northwest_Pacific,Seafloor altered basalt
ODP0129-0801C-010R-001/055-060,,ODP0129,"CASTILLO, 1992",18.6423,156.36,0.0001,-5674.0,-5674.0,OLD_OCEANIC_CRUST,,,,IGN; INAA; TITR; VOL; XRF,WHOLE ROCK,IGNEOUS:VOLCANIC:MAFIC,BASALT,,49.44,1.62,14.02,,3.82,,8.15,,,0.18,7.28,11.95,,2.56,0.06,0.06,,1.08,,,0.55,,,,,,,,,,,,,,,,,,,,,,,,,,,,,,,,,,,,,,,,,,,,75.0,,,,,70.0,,,602.0,,85.0,,,,,,,0.55,,0.55,,pacific_plate_west_ref,55.0,60.0,57.5,569.55,Northwest_Pacific,Seafloor altered basalt
ODP0129-0801C-010R-006/067-070,,ODP0129,"CASTILLO, 1992",18.6423,156.36,0.0001,-5674.0,-5674.0,OLD_OCEANIC_CRUST,,,,IGN; INAA; TITR; VOL; XRF,WHOLE ROCK,IGNEOUS:VOLCANIC:MAFIC,BASALT,,48.64,1.78,14.55,,3.95,,6.14,,,0.16,7.12,12.26,,2.77,0.07,0.06,,2.19,,,1.03,,,,,,,,,,,,,,,,,,,,,,,,,,,,,,,,,,,,,,,,,,,47.0,78.0,,,,,67.0,,,275.0,,95.0,,,,,,,1.03,,1.03,,pacific_plate_west_ref,67.0,70.0,68.5,574.06,Northwest_Pacific,Seafloor altered basalt
ODP0129-0801C-011R-002/121-126,,ODP0129,"CASTILLO, 1992",18.6423,156.36,0.0001,-5674.0,-5674.0,OLD_OCEANIC_CRUST,,,,IGN; INAA; TITR; VOL; XRF,WHOLE ROCK,IGNEOUS:VOLCANIC:MAFIC,BASALT,,48.45,2.19,14.18,,5.04,,7.26,,,0.19,6.8,11.86,,2.81,0.06,0.11,,1.34,,,0.71,,,,,,,,,,,,,,,,,,,,,,,,,,,,,,,,,,,,,,,,,,,,71.0,,,,,66.0,,,249.0,,106.0,,,,,,,0.71,,0.71,,pacific_plate_west_ref,121.0,126.0,123.5,579.11,Northwest_Pacific,Seafloor altered basalt
ODP0129-0801C-011R-003/121-126,,ODP0129,"CASTILLO, 1992",18.6423,156.36,0.0001,-5674.0,-5674.0,OLD_OCEANIC_CRUST,,,,IGN; INAA; TITR; VOL; XRF,WHOLE ROCK,IGNEOUS:VOLCANIC:MAFIC,BASALT,,46.01,1.95,14.52,,4.13,,8.24,,,0.19,5.26,12.54,,2.57,0.09,0.1,,4.6,,,0.86,,,,,,,,,,,,,,,,,,,,,,,,,,,,,,,,,,,,,,,,,,,,66.0,,,,,67.0,,,443.0,,111.0,,,,,,,0.86,,0.86,,pacific_plate_west_ref,121.0,126.0,123.5,582.01,Northwest_Pacific,Seafloor altered basalt
ODP0129-0801C-011R-003/131-136,,ODP0129,"CASTILLO, 1992",18.6423,156.36,0.0001,-5674.0,-5674.0,OLD_OCEANIC_CRUST,,,,IGN; INAA; TITR; VOL; XRF,WHOLE ROCK,IGNEOUS:VOLCANIC:MAFIC,BASALT,,47.19,2.11,15.15,,5.19,,6.64,,,0.16,6.0,12.01,,2.59,0.1,0.17,,2.29,,,1.32,,,,,,,,,,,,,,,,,,,,,,,,,,,,,,,,,,,,,,,,,,,48.0,69.0,,,,,88.0,,,490.0,,111.0,,,,,,,1.32,,1.32,,pacific_plate_west_ref,131.0,136.0,133.5,580.16,Northwest_Pacific,Seafloor altered basalt
ODP0129-0801C-012R-003/032-037,,ODP0129,"CASTILLO, 1992",18.6423,156.36,0.0001,-5674.0,-5674.0,OLD_OCEANIC_CRUST,,,,IGN; INAA; TITR; VOL; XRF,WHOLE ROCK,IGNEOUS:VOLCANIC:MAFIC,BASALT,,48.42,2.3,13.25,,3.63,,8.78,,,0.22,6.8,11.3,,2.79,0.04,0.19,,1.22,,,0.51,,,,,,,,,,,,,,,,,,,,,,,,,,,,,,,,,,,,,,,,,,,47.0,74.0,,,,,56.0,,,574.0,,101.0,,,,,,,0.51,,0.51,,pacific_plate_west_ref,32.0,37.0,34.5,590.58,Northwest_Pacific,Seafloor altered basalt
ODP0129-0801C-012R-003/057-062,,ODP0129,"CASTILLO, 1992",18.6423,156.36,0.0001,-5674.0,-5674.0,OLD_OCEANIC_CRUST,,,,IGN; INAA; TITR; VOL; XRF,WHOLE ROCK,IGNEOUS:VOLCANIC:MAFIC,BASALT,,48.9,2.29,13.58,,4.61,,7.96,,,0.22,6.83,11.11,,2.82,0.08,0.12,,1.07,,,0.79,,,,,,,,,,,,,,,,,,,,,,,,,,,,,,,,,,,,,,,,,,,47.0,73.0,,,,,60.0,,,623.0,,108.0,,,,,,,0.79,,0.79,,pacific_plate_west_ref,57.0,62.0,59.5,590.83,Northwest_Pacific,Seafloor altered basalt
ODP0185-0801C-015R-007/031-034,,ODP0185,"HAUFF, 2003; KELLEY, 2003",18.6423,156.36,0.0001,-5674.0,-5674.0,OLD_OCEANIC_CRUST,,,,ICPAES; ICPMS; IGN; MS-ID,WHOLE ROCK,IGNEOUS:VOLCANIC:MAFIC,BASALT,,51.1,2.55,20.42,,5.65,,,,,0.149,2.02,14.26,,3.82,0.529,0.266,,9.07,,,,,,,,,,,,,,,,,,,,,,,,,,,,,,,,,,,,,,,,,,,,,,16.2,195.0,,,,,42.9,,,,,18.9,,,,,,,,,,,pacific_plate_west_ref,31.0,34.0,32.5,621.69,Northwest_Pacific,Seafloor altered basalt
ODP0185-0801C-034R-001/093-096,,ODP0185,"HAUFF, 2003; KELLEY, 2003",18.6423,156.36,0.0001,-5674.0,-5674.0,OLD_OCEANIC_CRUST,,,,ICPAES; ICPMS; IGN; MS-ID,WHOLE ROCK,IGNEOUS:VOLCANIC:MAFIC,BASALT,,47.93,2.41,13.8,,15.68,,,,,0.202,6.88,10.22,,2.85,0.178,0.249,,0.38,,,,,,,,,,,,,,,,,,,,,,,,,,,,,,,,,,,,,,,,,,,,,,53.5,55.8,,,,,56.9,,,,,117.0,,,,,,,,,,,pacific_plate_west_ref,93.0,96.0,94.5,786.23,Northwest_Pacific,Seafloor altered basalt
ODP0185-0801C-040R-001/024-027,,ODP0185,"HAUFF, 2003; KELLEY, 2003",18.6423,156.36,0.0001,-5674.0,-5674.0,OLD_OCEANIC_CRUST,,,,ICPAES; ICPMS; IGN; MS-ID,WHOLE ROCK,IGNEOUS:VOLCANIC:MAFIC,BASALT,,42.13,1.59,10.82,,11.47,,,,,0.388,6.25,23.89,,2.07,0.58,0.153,,15.41,,,,,,,,,,,,,,,,,,,,,,,,,,,,,,,,,,,,,,,,,,,,,,17.7,46.8,,,,,32.8,,,,,74.4,,,,,,,,,,,pacific_plate_west_ref,24.0,27.0,25.5,841.74,Northwest_Pacific,Seafloor altered basalt
ODP0185-0801C-044R-003/023-026,,ODP0185,"HAUFF, 2003; KELLEY, 2003",18.6423,156.36,0.0001,-5674.0,-5674.0,OLD_OCEANIC_CRUST,,,,ICPAES; ICPMS; IGN; MS-ID,WHOLE ROCK,IGNEOUS:VOLCANIC:MAFIC,BASALT,,47.16,2.07,14.38,,13.39,,,,,0.227,6.4,12.63,,3.06,0.373,0.213,,3.31,,,,,,,,,,,,,,,,,,,,,,,,,,,,,,,,,,,,,,,,,,,,,,44.7,30.7,,,,,57.2,,,,,118.0,,,,,,,,,,,pacific_plate_west_ref,23.0,26.0,24.5,881.79,Northwest_Pacific,Seafloor altered basalt
ODP0129-0801B-037R-001/036-038,,ODP0129,"KELLEY, 2003",18.6423,156.36,0.0001,-5674.0,-5674.0,OLD_OCEANIC_CRUST,,,,ICPAES; ICPMS; IGN,WHOLE ROCK,IGNEOUS:VOLCANIC:MAFIC,BASALT,,59.69,2.67,19.57,,3.91,,,,,0.191,2.65,1.4,,2.34,7.3,0.446,,2.83,,,,,,,,,,,,,,,,,,,,,,,,,,,,,,,,,,,,,,,,,,,,,,17.5,283.0,,,,,57.6,,,,,61.1,,,,,,,,,,,pacific_plate_west_ref,36.0,38.0,37.0,461.86,Northwest_Pacific,Seafloor altered basalt
ODP0129-0801B-041R-001/026-030,,ODP0129,"KELLEY, 2003",18.6423,156.36,0.0001,-5674.0,-5674.0,OLD_OCEANIC_CRUST,,,,ICPAES; ICPMS; IGN,WHOLE ROCK,IGNEOUS:VOLCANIC:MAFIC,BASALT,,47.92,3.17,16.76,,10.66,,,,,0.154,5.18,8.61,,3.53,2.4,0.69,,2.89,,,,,,,,,,,,,,,,,,,,,,,,,,,,,,,,,,,,,,,,,,,,,,29.5,28.8,,,,,40.7,,,,,87.0,,,,,,,,,,,pacific_plate_west_ref,26.0,30.0,28.0,483.26,Northwest_Pacific,Seafloor altered basalt
ODP0129-0801B-041R-002/074-079,,ODP0129,"KELLEY, 2003",18.6423,156.36,0.0001,-5674.0,-5674.0,OLD_OCEANIC_CRUST,,,,ICPAES; ICPMS; IGN,WHOLE ROCK,IGNEOUS:VOLCANIC:MAFIC,BASALT,,48.7,3.03,16.82,,10.9,,,,,0.171,5.1,8.95,,3.46,2.83,0.691,,5.62,,,,,,,,,,,,,,,,,,,,,,,,,,,,,,,,,,,,,,,,,,,,,,26.2,34.4,,,,,40.7,,,,,90.3,,,,,,,,,,,pacific_plate_west_ref,74.0,79.0,76.5,485.24,Northwest_Pacific,Seafloor altered basalt
ODP0129-0801B-043R-003/111-114,,ODP0129,"KELLEY, 2003",18.6423,156.36,0.0001,-5674.0,-5674.0,OLD_OCEANIC_CRUST,,,,ICPAES; ICPMS; IGN,WHOLE ROCK,IGNEOUS:VOLCANIC:MAFIC,BASALT,,47.77,3.31,16.85,,8.02,,,,,0.549,5.86,9.8,,2.95,3.69,0.797,,11.71,,,,,,,,,,,,,,,,,,,,,,,,,,,,,,,,,,,,,,,,,,,,,,21.7,61.5,,,,,77.0,,,,,68.9,,,,,,,,,,,pacific_plate_west_ref,111.0,114.0,112.5,496.09,Northwest_Pacific,Seafloor altered basalt
ODP0129-0801C-001R-005/033-035,,ODP0129,"KELLEY, 2003",18.6423,156.36,0.0001,-5674.0,-5674.0,OLD_OCEANIC_CRUST,,,,ICPAES; ICPMS; IGN,WHOLE ROCK,IGNEOUS:VOLCANIC:MAFIC,BASALT,,48.61,3.11,17.23,,10.99,,,,,0.162,5.16,6.58,,5.02,2.55,0.682,,2.1,,,,,,,,,,,,,,,,,,,,,,,,,,,,,,,,,,,,,,,,,,,,,,29.8,24.3,,,,,51.0,,,,,83.5,,,,,,,,,,,pacific_plate_west_ref,33.0,35.0,34.0,498.88,Northwest_Pacific,Seafloor altered basalt
ODP0129-0801C-002R-005/024-028,,ODP0129,"KELLEY, 2003",18.6423,156.36,0.0001,-5674.0,-5674.0,OLD_OCEANIC_CRUST,,,,ICPAES; ICPMS; IGN,WHOLE ROCK,IGNEOUS:VOLCANIC:MAFIC,BASALT,,46.88,1.98,14.17,,9.16,,,,,0.327,7.41,11.84,,4.04,3.68,0.769,,12.11,,,,,,,,,,,,,,,,,,,,,,,,,,,,,,,,,,,,,,,,,,,,,,10.1,12.0,,,,,7.8,,,,,90.0,,,,,,,,,,,pacific_plate_west_ref,24.0,28.0,26.0,508.73,Northwest_Pacific,Seafloor altered basalt
ODP0129-0801C-005R-001/095-098,,ODP0129,"KELLEY, 2003",18.6423,156.36,0.0001,-5674.0,-5674.0,OLD_OCEANIC_CRUST,,,,ICPAES; ICPMS; IGN,WHOLE ROCK,IGNEOUS:VOLCANIC:MAFIC,BASALT,,57.38,1.08,19.63,,5.94,,,,,0.0541,2.17,4.97,,1.46,8.1,0.0853,,7.22,,,,,,,,,,,,,,,,,,,,,,,,,,,,,,,,,,,,,,,,,,,,,,11.5,18.3,,,,,64.8,,,,,44.0,,,,,,,,,,,pacific_plate_west_ref,95.0,98.0,96.5,532.15,Northwest_Pacific,Seafloor altered basalt
ODP0129-0801C-006R-003/042-045,,ODP0129,"KELLEY, 2003",18.6423,156.36,0.0001,-5674.0,-5674.0,OLD_OCEANIC_CRUST,,,,ICPAES; ICPMS; IGN,WHOLE ROCK,IGNEOUS:VOLCANIC:MAFIC,BASALT,,50.0,1.14,21.89,,6.01,,,,,0.148,2.39,14.07,,3.04,0.834,0.0712,,9.86,,,,,,,,,,,,,,,,,,,,,,,,,,,,,,,,,,,,,,,,,,,,,,69.9,117.0,,,,,244.0,,,,,59.1,,,,,,,,,,,pacific_plate_west_ref,42.0,45.0,43.5,543.71,Northwest_Pacific,Seafloor altered basalt
ODP0129-0801C-007R-003/043-048,,ODP0129,"KELLEY, 2003",18.6423,156.36,0.0001,-5674.0,-5674.0,OLD_OCEANIC_CRUST,,,,ICPAES; ICPMS; IGN,WHOLE ROCK,IGNEOUS:VOLCANIC:MAFIC,BASALT,,41.9,1.53,11.99,,13.73,,,,,0.236,5.5,21.75,,2.28,0.451,0.153,,11.74,,,,,,,,,,,,,,,,,,,,,,,,,,,,,,,,,,,,,,,,,,,,,,42.1,58.6,,,,,65.7,,,,,78.7,,,,,,,,,,,pacific_plate_west_ref,43.0,48.0,45.5,553.41,Northwest_Pacific,Seafloor altered basalt
ODP0129-0801C-009R-004/001-004,,ODP0129,"KELLEY, 2003",18.6423,156.36,0.0001,-5674.0,-5674.0,OLD_OCEANIC_CRUST,,,,ICPAES; ICPMS; IGN,WHOLE ROCK,IGNEOUS:VOLCANIC:MAFIC,BASALT,,48.83,1.5,13.71,,12.04,,,,,0.204,6.41,13.56,,2.67,0.0397,0.134,,2.14,,,,,,,,,,,,,,,,,,,,,,,,,,,,,,,,,,,,,,,,,,,,,,45.7,64.8,,,,,62.7,,,,,83.9,,,,,,,,,,,pacific_plate_west_ref,1.0,4.0,2.5,566.35,Northwest_Pacific,Seafloor altered basalt
ODP0129-0801C-011R-002/145-148,,ODP0129,"KELLEY, 2003",18.6423,156.36,0.0001,-5674.0,-5674.0,OLD_OCEANIC_CRUST,,,,ICPAES; ICPMS; IGN,WHOLE ROCK,IGNEOUS:VOLCANIC:MAFIC,BASALT,,47.71,1.79,14.29,,13.2,,,,,0.219,5.68,14.47,,2.44,0.171,0.165,,3.1,,,,,,,,,,,,,,,,,,,,,,,,,,,,,,,,,,,,,,,,,,,,,,43.8,52.2,,,,,72.5,,,,,93.3,,,,,,,,,,,pacific_plate_west_ref,145.0,148.0,146.5,580.75,Northwest_Pacific,Seafloor altered basalt
ODP0129-0801C-012R-002/111-113,,ODP0129,"KELLEY, 2003",18.6423,156.36,0.0001,-5674.0,-5674.0,OLD_OCEANIC_CRUST,,,,ICPAES; ICPMS; IGN,WHOLE ROCK,IGNEOUS:VOLCANIC:MAFIC,BASALT,,42.08,1.77,11.55,,13.84,,,,,0.426,6.4,21.11,,2.29,0.0814,0.189,,10.55,,,,,,,,,,,,,,,,,,,,,,,,,,,,,,,,,,,,,,,,,,,,,,37.2,42.9,,,,,40.0,,,,,76.7,,,,,,,,,,,pacific_plate_west_ref,111.0,113.0,112.0,589.91,Northwest_Pacific,Seafloor altered basalt
ODP0185-0801C-014R-001/086-088,,ODP0185,"KELLEY, 2003",18.6423,156.36,0.0001,-5674.0,-5674.0,OLD_OCEANIC_CRUST,,,,ICPAES; ICPMS; IGN,WHOLE ROCK,IGNEOUS:VOLCANIC:MAFIC,BASALT,,47.93,2.17,13.85,,13.79,,,,,0.28,6.47,12.46,,2.67,0.0913,0.276,,1.09,,,,,,,,,,,,,,,,,,,,,,,,,,,,,,,,,,,,,,,,,,,,,,44.5,56.8,,,,,47.6,,,,,105.0,,,,,,,,,,,pacific_plate_west_ref,86.0,88.0,87.0,604.86,Northwest_Pacific,Seafloor altered basalt
ODP0185-0801C-015R-002/117-120,,ODP0185,"KELLEY, 2003",18.6423,156.36,0.0001,-5674.0,-5674.0,OLD_OCEANIC_CRUST,,,,ICPAES; ICPMS; IGN,WHOLE ROCK,IGNEOUS:VOLCANIC:MAFIC,BASALT,,49.89,2.18,17.21,,11.49,,,,,0.0941,4.42,10.08,,3.51,0.525,0.218,,5.95,,,,,,,,,,,,,,,,,,,,,,,,,,,,,,,,,,,,,,,,,,,,,,39.3,71.4,,,,,61.5,,,,,110.0,,,,,,,,,,,pacific_plate_west_ref,117.0,120.0,118.5,616.19,Northwest_Pacific,Seafloor altered basalt
ODP0185-0801C-015R-007/096-099,,ODP0185,"KELLEY, 2003",18.6423,156.36,0.0001,-5674.0,-5674.0,OLD_OCEANIC_CRUST,,,,ICPAES; ICPMS; IGN,WHOLE ROCK,IGNEOUS:VOLCANIC:MAFIC,BASALT,,43.95,2.29,17.19,,19.83,,,,,0.0617,5.84,6.4,,3.1,0.128,0.228,,5.47,,,,,,,,,,,,,,,,,,,,,,,,,,,,,,,,,,,,,,,,,,,,,,59.8,76.1,,,,,100.0,,,,,226.0,,,,,,,,,,,pacific_plate_west_ref,96.0,99.0,97.5,622.34,Northwest_Pacific,Seafloor altered basalt
ODP0185-0801C-016R-002/027-031,,ODP0185,"KELLEY, 2003",18.6423,156.36,0.0001,-5674.0,-5674.0,OLD_OCEANIC_CRUST,,,,ICPAES; ICPMS; IGN,WHOLE ROCK,IGNEOUS:VOLCANIC:MAFIC,BASALT,,42.36,2.02,12.66,,19.57,,,,,0.212,5.63,13.67,,2.2,2.42,0.229,,14.57,,,,,,,,,,,,,,,,,,,,,,,,,,,,,,,,,,,,,,,,,,,,,,42.6,30.9,,,,,70.5,,,,,67.0,,,,,,,,,,,pacific_plate_west_ref,27.0,31.0,29.0,625.01,Northwest_Pacific,Seafloor altered basalt
ODP0185-0801C-016R-002/082-086,,ODP0185,"KELLEY, 2003",18.6423,156.36,0.0001,-5674.0,-5674.0,OLD_OCEANIC_CRUST,,,,ICPAES; ICPMS; IGN,WHOLE ROCK,IGNEOUS:VOLCANIC:MAFIC,BASALT,,48.77,2.83,18.5,,8.98,,,,,0.15,2.76,13.41,,3.41,0.733,0.271,,9.11,,,,,,,,,,,,,,,,,,,,,,,,,,,,,,,,,,,,,,,,,,,,,,19.2,28.1,,,,,39.0,,,,,57.5,,,,,,,,,,,pacific_plate_west_ref,82.0,86.0,84.0,625.56,Northwest_Pacific,Seafloor altered basalt
ODP0185-0801C-016R-005/062-065,,ODP0185,"KELLEY, 2003",18.6423,156.36,0.0001,-5674.0,-5674.0,OLD_OCEANIC_CRUST,,,,ICPAES; ICPMS; IGN,WHOLE ROCK,IGNEOUS:VOLCANIC:MAFIC,BASALT,,46.89,1.31,6.56,,16.65,,,,,0.499,2.97,21.59,,1.91,0.549,0.186,,14.54,,,,,,,,,,,,,,,,,,,,,,,,,,,,,,,,,,,,,,,,,,,,,,30.8,13.5,,,,,40.4,,,,,55.7,,,,,,,,,,,pacific_plate_west_ref,62.0,65.0,63.5,629.51,Northwest_Pacific,Seafloor altered basalt
ODP0185-0801C-018R-001/064-069,,ODP0185,"KELLEY, 2003",18.6423,156.36,0.0001,-5674.0,-5674.0,OLD_OCEANIC_CRUST,,,,ICPAES; ICPMS; IGN,WHOLE ROCK,IGNEOUS:VOLCANIC:MAFIC,BASALT,,47.73,2.43,13.49,,15.45,,,,,0.243,6.38,10.71,,2.84,0.0694,0.235,,0.18,,,,,,,,,,,,,,,,,,,,,,,,,,,,,,,,,,,,,,,,,,,,,,42.5,63.2,,,,,47.1,,,,,110.0,,,,,,,,,,,pacific_plate_west_ref,64.0,69.0,66.5,642.84,Northwest_Pacific,Seafloor altered basalt
ODP0185-0801C-021R-002/086-089,,ODP0185,"KELLEY, 2003",18.6423,156.36,0.0001,-5674.0,-5674.0,OLD_OCEANIC_CRUST,,,,ICPAES; ICPMS; IGN,WHOLE ROCK,IGNEOUS:VOLCANIC:MAFIC,BASALT,,43.13,1.76,12.67,,13.27,,,,,0.25,6.07,19.04,,2.5,0.252,0.2,,8.46,,,,,,,,,,,,,,,,,,,,,,,,,,,,,,,,,,,,,,,,,,,,,,43.2,48.3,,,,,65.4,,,,,87.5,,,,,,,,,,,pacific_plate_west_ref,86.0,89.0,87.5,672.29,Northwest_Pacific,Seafloor altered basalt
ODP0185-0801C-023R-003/080-084,,ODP0185,"KELLEY, 2003",18.6423,156.36,0.0001,-5674.0,-5674.0,OLD_OCEANIC_CRUST,,,,ICPAES; ICPMS; IGN,WHOLE ROCK,IGNEOUS:VOLCANIC:MAFIC,BASALT,,48.29,2.27,14.13,,13.82,,,,,0.212,6.89,10.26,,3.02,0.0734,0.225,,0.18,,,,,,,,,,,,,,,,,,,,,,,,,,,,,,,,,,,,,,,,,,,,,,42.0,57.3,,,,,46.8,,,,,117.0,,,,,,,,,,,pacific_plate_west_ref,80.0,84.0,82.0,685.38,Northwest_Pacific,Seafloor altered basalt
ODP0185-0801C-024R-001/046-049,,ODP0185,"KELLEY, 2003",18.6423,156.36,0.0001,-5674.0,-5674.0,OLD_OCEANIC_CRUST,,,,ICPAES; ICPMS; IGN,WHOLE ROCK,IGNEOUS:VOLCANIC:MAFIC,BASALT,,47.99,2.01,13.28,,15.1,,,,,0.214,7.17,10.3,,2.78,0.12,0.193,,0.58,,,,,,,,,,,,,,,,,,,,,,,,,,,,,,,,,,,,,,,,,,,,,,42.0,45.4,,,,,53.2,,,,,99.9,,,,,,,,,,,pacific_plate_west_ref,46.0,49.0,47.5,691.76,Northwest_Pacific,Seafloor altered basalt
ODP0185-0801C-025R-001/010-013,,ODP0185,"KELLEY, 2003",18.6423,156.36,0.0001,-5674.0,-5674.0,OLD_OCEANIC_CRUST,,,,ICPAES; ICPMS; IGN,WHOLE ROCK,IGNEOUS:VOLCANIC:MAFIC,BASALT,,48.56,2.01,13.74,,13.95,,,,,0.248,6.86,11.58,,2.68,0.0483,0.185,,0.67,,,,,,,,,,,,,,,,,,,,,,,,,,,,,,,,,,,,,,,,,,,,,,45.8,57.5,,,,,61.3,,,,,110.0,,,,,,,,,,,pacific_plate_west_ref,10.0,13.0,11.5,700.8,Northwest_Pacific,Seafloor altered basalt
ODP0185-0801C-027R-003/066-069,,ODP0185,"KELLEY, 2003",18.6423,156.36,0.0001,-5674.0,-5674.0,OLD_OCEANIC_CRUST,,,,ICPAES; ICPMS; IGN,WHOLE ROCK,IGNEOUS:VOLCANIC:MAFIC,BASALT,,47.64,1.76,13.99,,13.0,,,,,0.222,5.99,14.67,,2.45,0.099,0.175,,3.83,,,,,,,,,,,,,,,,,,,,,,,,,,,,,,,,,,,,,,,,,,,,,,43.7,57.3,,,,,64.6,,,,,92.2,,,,,,,,,,,pacific_plate_west_ref,66.0,69.0,67.5,723.14,Northwest_Pacific,Seafloor altered basalt
ODP0185-0801C-028R-001/110-114,,ODP0185,"KELLEY, 2003",18.6423,156.36,0.0001,-5674.0,-5674.0,OLD_OCEANIC_CRUST,,,,ICPAES; ICPMS; IGN,WHOLE ROCK,IGNEOUS:VOLCANIC:MAFIC,BASALT,,48.75,1.55,13.31,,13.53,,,,,0.168,8.35,11.62,,2.51,0.554,0.18,,5.72,,,,,,,,,,,,,,,,,,,,,,,,,,,,,,,,,,,,,,,,,,,,,,35.4,70.5,,,,,63.6,,,,,88.1,,,,,,,,,,,pacific_plate_west_ref,110.0,114.0,112.0,729.8,Northwest_Pacific,Seafloor altered basalt
ODP0185-0801C-028R-002/036-038,,ODP0185,"KELLEY, 2003",18.6423,156.36,0.0001,-5674.0,-5674.0,OLD_OCEANIC_CRUST,,,,ICPAES; ICPMS,WHOLE ROCK,IGNEOUS:VOLCANIC:MAFIC,BASALT,,48.72,1.82,14.38,,13.4,,,,,0.243,7.15,12.45,,2.5,0.0525,0.177,,,,,,,,,,,,,,,,,,,,,,,,,,,,,,,,,,,,,,,,,,,,,,,,52.9,67.4,,,,,76.4,,,,,101.0,,,,,,,,,,,pacific_plate_west_ref,36.0,38.0,37.0,730.4,Northwest_Pacific,Seafloor altered basalt
ODP0185-0801C-028R-002/100-104,,ODP0185,"KELLEY, 2003",18.6423,156.36,0.0001,-5674.0,-5674.0,OLD_OCEANIC_CRUST,,,,ICPAES; ICPMS; IGN,WHOLE ROCK,IGNEOUS:VOLCANIC:MAFIC,BASALT,,47.17,1.57,13.77,,11.79,,,,,0.182,7.72,13.78,,2.38,0.591,0.137,,5.08,,,,,,,,,,,,,,,,,,,,,,,,,,,,,,,,,,,,,,,,,,,,,,45.7,63.2,,,,,81.3,,,,,68.7,,,,,,,,,,,pacific_plate_west_ref,100.0,104.0,102.0,731.04,Northwest_Pacific,Seafloor altered basalt
ODP0185-0801C-029R-001/016-018,,ODP0185,"KELLEY, 2003",18.6423,156.36,0.0001,-5674.0,-5674.0,OLD_OCEANIC_CRUST,,,,ICPAES; ICPMS,WHOLE ROCK,IGNEOUS:VOLCANIC:MAFIC,BASALT,,47.39,2.43,13.55,,14.97,,,,,0.274,6.7,10.98,,2.72,0.108,0.244,,,,,,,,,,,,,,,,,,,,,,,,,,,,,,,,,,,,,,,,,,,,,,,,50.0,52.6,,,,,58.6,,,,,128.0,,,,,,,,,,,pacific_plate_west_ref,16.0,18.0,17.0,738.06,Northwest_Pacific,Seafloor altered basalt
ODP0185-0801C-030R-001/003-007,,ODP0185,"KELLEY, 2003",18.6423,156.36,0.0001,-5674.0,-5674.0,OLD_OCEANIC_CRUST,,,,ICPAES; ICPMS; IGN,WHOLE ROCK,IGNEOUS:VOLCANIC:MAFIC,BASALT,,47.22,2.43,13.77,,16.61,,,,,0.163,7.11,9.18,,2.8,0.367,0.26,,2.4,,,,,,,,,,,,,,,,,,,,,,,,,,,,,,,,,,,,,,,,,,,,,,28.7,37.9,,,,,41.1,,,,,124.0,,,,,,,,,,,pacific_plate_west_ref,3.0,7.0,5.0,747.33,Northwest_Pacific,Seafloor altered basalt
ODP0185-0801C-030R-001/111-114,,ODP0185,"KELLEY, 2003",18.6423,156.36,0.0001,-5674.0,-5674.0,OLD_OCEANIC_CRUST,,,,ICPAES; ICPMS; IGN,WHOLE ROCK,IGNEOUS:VOLCANIC:MAFIC,BASALT,,48.09,2.25,13.02,,15.37,,,,,0.21,6.27,11.05,,2.6,0.0609,0.217,,0.51,,,,,,,,,,,,,,,,,,,,,,,,,,,,,,,,,,,,,,,,,,,,,,44.4,44.0,,,,,57.6,,,,,113.0,,,,,,,,,,,pacific_plate_west_ref,111.0,114.0,112.5,748.41,Northwest_Pacific,Seafloor altered basalt
ODP0185-0801C-030R-005/039-042,,ODP0185,"KELLEY, 2003",18.6423,156.36,0.0001,-5674.0,-5674.0,OLD_OCEANIC_CRUST,,,,ICPAES; ICPMS; IGN,WHOLE ROCK,IGNEOUS:VOLCANIC:MAFIC,BASALT,,47.53,1.61,11.93,,12.69,,,,,0.197,7.14,15.07,,2.57,0.194,0.167,,6.97,,,,,,,,,,,,,,,,,,,,,,,,,,,,,,,,,,,,,,,,,,,,,,35.9,21.3,,,,,47.2,,,,,62.3,,,,,,,,,,,pacific_plate_west_ref,39.0,42.0,40.5,752.55,Northwest_Pacific,Seafloor altered basalt
ODP0185-0801C-031R-004/043-045,,ODP0185,"KELLEY, 2003",18.6423,156.36,0.0001,-5674.0,-5674.0,OLD_OCEANIC_CRUST,,,,ICPAES; ICPMS; IGN,WHOLE ROCK,IGNEOUS:VOLCANIC:MAFIC,BASALT,,48.66,2.25,12.83,,15.19,,,,,0.23,6.07,11.27,,2.63,0.0522,0.221,,0.15,,,,,,,,,,,,,,,,,,,,,,,,,,,,,,,,,,,,,,,,,,,,,,44.0,50.9,,,,,51.5,,,,,117.0,,,,,,,,,,,pacific_plate_west_ref,43.0,45.0,44.0,761.02,Northwest_Pacific,Seafloor altered basalt
ODP0185-0801C-031R-007/007-010,,ODP0185,"KELLEY, 2003",18.6423,156.36,0.0001,-5674.0,-5674.0,OLD_OCEANIC_CRUST,,,,ICPAES; ICPMS; IGN,WHOLE ROCK,IGNEOUS:VOLCANIC:MAFIC,BASALT,,49.12,2.05,11.7,,17.37,,,,,0.161,8.1,9.21,,2.27,0.428,0.212,,3.11,,,,,,,,,,,,,,,,,,,,,,,,,,,,,,,,,,,,,,,,,,,,,,29.7,18.4,,,,,44.6,,,,,103.0,,,,,,,,,,,pacific_plate_west_ref,7.0,10.0,8.5,764.81,Northwest_Pacific,Seafloor altered basalt
ODP0185-0801C-032R-001/121-127,,ODP0185,"KELLEY, 2003",18.6423,156.36,0.0001,-5674.0,-5674.0,OLD_OCEANIC_CRUST,,,,ICPAES; ICPMS; IGN,WHOLE ROCK,IGNEOUS:VOLCANIC:MAFIC,BASALT,,51.34,1.59,10.62,,17.51,,,,,0.141,8.94,6.31,,2.29,1.83,0.175,,2.53,,,,,,,,,,,,,,,,,,,,,,,,,,,,,,,,,,,,,,,,,,,,,,27.7,24.0,,,,,42.6,,,,,91.8,,,,,,,,,,,pacific_plate_west_ref,121.0,127.0,124.0,767.51,Northwest_Pacific,Seafloor altered basalt
ODP0185-0801C-034R-002/036-040,,ODP0185,"KELLEY, 2003",18.6423,156.36,0.0001,-5674.0,-5674.0,OLD_OCEANIC_CRUST,,,,ICPAES; ICPMS; IGN,WHOLE ROCK,IGNEOUS:VOLCANIC:MAFIC,BASALT,,48.86,2.2,12.41,,17.27,,,,,0.186,5.95,9.43,,2.49,0.827,0.214,,1.96,,,,,,,,,,,,,,,,,,,,,,,,,,,,,,,,,,,,,,,,,,,,,,33.6,48.6,,,,,43.8,,,,,115.0,,,,,,,,,,,pacific_plate_west_ref,36.0,40.0,38.0,786.9,Northwest_Pacific,Seafloor altered basalt
ODP0185-0801C-035R-003/100-104,,ODP0185,"KELLEY, 2003",18.6423,156.36,0.0001,-5674.0,-5674.0,OLD_OCEANIC_CRUST,,,,ICPAES; ICPMS; IGN,WHOLE ROCK,IGNEOUS:VOLCANIC:MAFIC,BASALT,,50.64,2.37,13.09,,14.65,,,,,0.217,6.02,10.82,,2.76,0.126,0.239,,1.93,,,,,,,,,,,,,,,,,,,,,,,,,,,,,,,,,,,,,,,,,,,,,,47.8,63.8,,,,,53.2,,,,,108.0,,,,,,,,,,,pacific_plate_west_ref,100.0,104.0,102.0,798.62,Northwest_Pacific,Seafloor altered basalt
ODP0185-0801C-037R-004/106-110,,ODP0185,"KELLEY, 2003",18.6423,156.36,0.0001,-5674.0,-5674.0,OLD_OCEANIC_CRUST,,,,ICPAES; ICPMS; IGN,WHOLE ROCK,IGNEOUS:VOLCANIC:MAFIC,BASALT,,49.27,2.28,13.19,,15.41,,,,,0.216,6.1,10.83,,2.71,0.111,0.229,,0.58,,,,,,,,,,,,,,,,,,,,,,,,,,,,,,,,,,,,,,,,,,,,,,45.9,56.2,,,,,50.7,,,,,120.0,,,,,,,,,,,pacific_plate_west_ref,106.0,110.0,108.0,818.32,Northwest_Pacific,Seafloor altered basalt
ODP0185-0801C-037R-005/112-114,,ODP0185,"KELLEY, 2003",18.6423,156.36,0.0001,-5674.0,-5674.0,OLD_OCEANIC_CRUST,,,,ICPAES; ICPMS; IGN,WHOLE ROCK,IGNEOUS:VOLCANIC:MAFIC,BASALT,,46.87,1.91,10.95,,21.77,,,,,0.131,8.88,7.19,,2.43,0.433,0.207,,1.66,,,,,,,,,,,,,,,,,,,,,,,,,,,,,,,,,,,,,,,,,,,,,,16.7,17.7,,,,,30.3,,,,,84.4,,,,,,,,,,,pacific_plate_west_ref,112.0,114.0,113.0,819.58,Northwest_Pacific,Seafloor altered basalt
ODP0185-0801C-038R-001/022-027,,ODP0185,"KELLEY, 2003",18.6423,156.36,0.0001,-5674.0,-5674.0,OLD_OCEANIC_CRUST,,,,ICPAES; ICPMS; IGN,WHOLE ROCK,IGNEOUS:VOLCANIC:MAFIC,BASALT,,46.38,2.19,12.67,,13.26,,,,,0.273,5.98,15.67,,2.57,0.187,0.21,,5.72,,,,,,,,,,,,,,,,,,,,,,,,,,,,,,,,,,,,,,,,,,,,,,45.8,67.3,,,,,60.0,,,,,103.0,,,,,,,,,,,pacific_plate_west_ref,22.0,27.0,24.5,823.02,Northwest_Pacific,Seafloor altered basalt
ODP0185-0801C-038R-003/053-059,,ODP0185,"KELLEY, 2003",18.6423,156.36,0.0001,-5674.0,-5674.0,OLD_OCEANIC_CRUST,,,,ICPAES; ICPMS; IGN,WHOLE ROCK,IGNEOUS:VOLCANIC:MAFIC,BASALT,,47.84,2.2,13.24,,17.14,,,,,0.0726,9.91,5.52,,2.66,0.616,0.169,,3.53,,,,,,,,,,,,,,,,,,,,,,,,,,,,,,,,,,,,,,,,,,,,,,36.8,67.0,,,,,53.2,,,,,96.0,,,,,,,,,,,pacific_plate_west_ref,53.0,59.0,56.0,826.29,Northwest_Pacific,Seafloor altered basalt
ODP0185-0801C-042R-002/034-038,,ODP0185,"KELLEY, 2003",18.6423,156.36,0.0001,-5674.0,-5674.0,OLD_OCEANIC_CRUST,,,,ICPAES; ICPMS; IGN,WHOLE ROCK,IGNEOUS:VOLCANIC:MAFIC,BASALT,,51.3,1.72,14.81,,11.98,,,,,0.193,6.75,10.82,,2.82,0.187,0.173,,1.43,,,,,,,,,,,,,,,,,,,,,,,,,,,,,,,,,,,,,,,,,,,,,,55.3,56.5,,,,,77.2,,,,,104.0,,,,,,,,,,,pacific_plate_west_ref,34.0,38.0,36.0,861.55,Northwest_Pacific,Seafloor altered basalt
ODP0185-0801C-043R-001/013-015,,ODP0185,"KELLEY, 2003",18.6423,156.36,0.0001,-5674.0,-5674.0,OLD_OCEANIC_CRUST,,,,ICPAES; ICPMS; IGN,WHOLE ROCK,IGNEOUS:VOLCANIC:MAFIC,BASALT,,48.46,2.04,13.52,,13.72,,,,,0.241,6.61,11.44,,2.78,0.0732,0.181,,0.61,,,,,,,,,,,,,,,,,,,,,,,,,,,,,,,,,,,,,,,,,,,,,,48.0,64.6,,,,,51.0,,,,,108.0,,,,,,,,,,,pacific_plate_west_ref,13.0,15.0,14.0,869.23,Northwest_Pacific,Seafloor altered basalt
ODP0185-0801C-043R-002/101-104,,ODP0185,"KELLEY, 2003",18.6423,156.36,0.0001,-5674.0,-5674.0,OLD_OCEANIC_CRUST,,,,ICPAES; ICPMS; IGN,WHOLE ROCK,IGNEOUS:VOLCANIC:MAFIC,BASALT,,49.06,1.73,12.11,,16.72,,,,,0.207,6.72,8.67,,2.63,1.42,0.172,,1.06,,,,,,,,,,,,,,,,,,,,,,,,,,,,,,,,,,,,,,,,,,,,,,46.6,34.0,,,,,56.0,,,,,100.0,,,,,,,,,,,pacific_plate_west_ref,101.0,104.0,102.5,871.57,Northwest_Pacific,Seafloor altered basalt
ODP0185-0801C-043R-003/050-055,,ODP0185,"KELLEY, 2003",18.6423,156.36,0.0001,-5674.0,-5674.0,OLD_OCEANIC_CRUST,,,,ICPAES; ICPMS; IGN,WHOLE ROCK,IGNEOUS:VOLCANIC:MAFIC,BASALT,,49.84,1.34,9.53,,18.12,,,,,0.191,7.58,8.22,,1.94,2.24,0.107,,2.34,,,,,,,,,,,,,,,,,,,,,,,,,,,,,,,,,,,,,,,,,,,,,,32.5,53.7,,,,,52.2,,,,,75.7,,,,,,,,,,,pacific_plate_west_ref,50.0,55.0,52.5,872.42,Northwest_Pacific,Seafloor altered basalt
ODP0185-0801C-046R-002/048-052,,ODP0185,"KELLEY, 2003",18.6423,156.36,0.0001,-5674.0,-5674.0,OLD_OCEANIC_CRUST,,,,ICPAES; ICPMS; IGN,WHOLE ROCK,IGNEOUS:VOLCANIC:MAFIC,BASALT,,49.74,1.8,13.18,,12.59,,,,,0.189,5.88,12.47,,2.93,0.54,0.196,,4.55,,,,,,,,,,,,,,,,,,,,,,,,,,,,,,,,,,,,,,,,,,,,,,38.3,64.7,,,,,39.8,,,,,112.0,,,,,,,,,,,pacific_plate_west_ref,48.0,52.0,50.0,899.9,Northwest_Pacific,Seafloor altered basalt
ODP0185-0801C-050M-001/029-032,,ODP0185,"KELLEY, 2003",18.6423,156.36,0.0001,-5674.0,-5674.0,OLD_OCEANIC_CRUST,,,,ICPAES; ICPMS; IGN,WHOLE ROCK,IGNEOUS:VOLCANIC:MAFIC,BASALT,,48.05,2.29,15.36,,13.17,,,,,0.242,6.79,10.46,,3.09,0.0948,0.218,,2.39,,,,,,,,,,,,,,,,,,,,,,,,,,,,,,,,,,,,,,,,,,,,,,40.4,84.2,,,,,61.2,,,,,119.0,,,,,,,,,,,pacific_plate_west_ref,29.0,32.0,30.5,931.79,Northwest_Pacific,Seafloor altered basalt
ODP0185-0801C-052M-001/047-049,,ODP0185,"KELLEY, 2003",18.6423,156.36,0.0001,-5674.0,-5674.0,OLD_OCEANIC_CRUST,,,,ICPAES; ICPMS; IGN,WHOLE ROCK,IGNEOUS:VOLCANIC:MAFIC,BASALT,,48.52,2.17,13.74,,13.65,,,,,0.259,6.97,11.14,,2.85,0.105,0.209,,0.52,,,,,,,,,,,,,,,,,,,,,,,,,,,,,,,,,,,,,,,,,,,,,,51.1,59.2,,,,,44.6,,,,,122.0,,,,,,,,,,,pacific_plate_west_ref,47.0,49.0,48.0,933.27,Northwest_Pacific,Seafloor altered basalt
