SAMPLE ID,IGSN,EXPEDITION ID,REFERENCES,LATITUDE,LONGITUDE,LOC PREC,MIN ELEVATION,MAX ELEVATION,TECTONIC SETTING,MIN AGE,AGE,MAX AGE,METHOD,ANALYZED MATERIAL,ROCK TYPE,ROCK NAME,MINERAL,SiO2,TiO2,Al2O3,Cr2O3,Fe2O3,Fe2O3T,FeO,FeOT,NiO,MnO,MgO,CaO,SrO,Na2O,K2O,P2O5,BaO,LOI,H2O,H2O_M,H2O_P,SO2,SO3,V2O3,V2O5,ZnO,CoO,La2O3,Ce2O3,O,Si,Fe,Mn,Ni,Co,Cu,Cd,Zn,As,Ag,FeS2,S,S_SLFI,SLFA,C_NON_CARB,CaCO3,CuO,Cu2O,Dy2O3,FeCO3,Gd2O3,HfO,HfO2,MgCO3,MnCO3,Nb2O3,Nb2O5,Nd2O3,Sc2O3,Sm2O3,Ta2O5,ThO,ThO2,UO2,WO3,Y2O3,ZrO2,Al,Ca,Mg,S_PY,TOC,La,Ce,Pr,Nd,Sm,Eu,Gd,Tb,Dy,Ho,Er,Tm,Yb,Lu,Ag.1,Al.1,As.1,Au,B,Ba,Be,Bi,Br,C,Ca.1,Cd.1,Co.1,Cr,Cs,Cu.1,Ga,GER,Hf,Hg,I,INDIUM,Ir,K,Li,Mg.1,Mn.1,Mo,N,Na,Nb,Ni.1,Os,OS_INI,P,Pa,Pb,Pd,Pt,Rb,Re,Rh,Ru,S.1,Sb,Sc,Se,Si.1,Sn,Sr,Ta,Te,Th,Ti,Tl,U,V,W,Y,Zn.1,Zr,Zr2O3,Ti.1,As.2,As.3,GER.1,H2O_M.1,H2O_P.1,H2O_M.2,H2O_P.2,INDIUM.1,area,depth_start,depth_end,depth_mean,Depth
ODP0129-0801B-043R-001/132-135,,ODP0129,"ANDERSEN, 2015; HAUFF, 2003; KELLEY, 2003",18.6423,156.36,0.0001,-5674.0,-5674.0,OLD_OCEANIC_CRUST,,,,ICPAES; ICPMS; IGN; MC-ICP-MS; MS-ID,WHOLE ROCK,IGNEOUS:VOLCANIC:MAFIC,ALKALI BASALT,,47.3,2.42,13.54,,12.51,,,,,0.153,11.16,6.85,,3.22,1.61,0.512,,5.74,,,,,,,,,,,,,,,,310.0,60.4,35.5,,90.5,,,,,,,,,,,,,,,,,,,,,,,,,,,,,,,,,,,21.9,48.6,6.2,24.9,5.3,1.83,0.833,5.36,4.59,0.851,2.23,,1.92,0.29,,,,,,421.0,2.1,,,,,,60.4,316.0,0.236,35.5,18.8,,4.89,,,,,,25.9,,,,,,40.7,310.0,,,,,1.9,,,36.6,,,,,,19.2,,,,350.0,2.62,,2.4,,,0.723,173.0,,23.8,90.5,235.0,,,,,,,,,,,pacific_plate_west_ref,132.0,135.0,133.5,493.52
ODP0129-0801B-038R-001/022-025,,ODP0129,"CASTILLO, 1992",18.6423,156.36,0.0001,-5674.0,-5674.0,OLD_OCEANIC_CRUST,,,,IGN; INAA; TITR; VOL; XRF,WHOLE ROCK,IGNEOUS:VOLCANIC:MAFIC,BASALT,,51.45,2.67,18.62,,5.97,,0.61,,,0.04,4.69,2.0,,2.04,5.8,0.36,,5.67,,,4.81,,,,,,,,,,,,,67.0,18.0,64.0,,93.0,,,,162.0,,,,,,,,,,,,,,,,,,,,,,,,,,,,,,,20.3,43.0,,21.0,4.17,1.32,,0.61,,,,,1.69,0.24,,,,,,457.0,,,,,,,18.0,194.0,1.33,64.0,18.0,,4.19,,,,,,,,,,,,36.0,67.0,,,,,1.0,,,82,,,,162.0,,28.2,,,,102.0,2.47,,2.0,,,1.18,335.0,,20.0,93.0,194.0,,,,,,,4.81,,4.81,,pacific_plate_west_ref,22.0,25.0,23.5,466.32
ODP0129-0801B-040R-001/015-018,,ODP0129,"CASTILLO, 1992",18.6423,156.36,0.0001,-5674.0,-5674.0,OLD_OCEANIC_CRUST,,,,IGN; INAA; TITR; VOL; XRF,WHOLE ROCK,IGNEOUS:VOLCANIC:MAFIC,BASALT,,51.58,3.3,17.42,,9.02,,0.75,,,0.12,2.75,2.63,,2.91,5.88,0.63,,2.68,,,2.72,,,,,,,,,,,,,82.0,36.0,37.0,,111.0,,,,105.0,,,,,,,,,,,,,,,,,,,,,,,,,,,,,,,30.1,59.1,,28.0,6.88,2.17,,0.93,,,,,1.84,0.25,,,,,,439.0,,,,,,,36.0,123.0,3.31,37.0,22.0,,3.64,,,,,,,,,,,,49.0,82.0,,,,,6.0,,,110,,,,105.0,,11.69,,,,317.0,3.17,,3.16,,,0.78,241.0,,33.0,111.0,153.0,,,,,,,2.72,,2.72,,pacific_plate_west_ref,15.0,18.0,16.5,477.05
ODP0129-0801B-041R-001/020-025,,ODP0129,"CASTILLO, 1992",18.6423,156.36,0.0001,-5674.0,-5674.0,OLD_OCEANIC_CRUST,,,,IGN; INAA; TITR; VOL; XRF,WHOLE ROCK,IGNEOUS:VOLCANIC:MAFIC,BASALT,,46.33,3.56,15.14,,4.27,,5.57,,,0.14,4.52,7.71,,3.88,3.01,0.69,,4.67,,,1.54,,,,,,,,,,,,,28.0,,44.0,,101.0,,,,251.0,,,,,,,,,,,,,,,,,,,,,,,,,,,,,,,39.61,81.76,9.36,39.08,8.22,2.69,8.05,,7.0,1.22,3.36,,2.82,0.44,,,,,,448.0,,,,,,,,42.0,0.47,44.0,23.0,,7.5,,,,,,,,,,,,53.0,28.0,,,,,9.0,,,62,,,,251.0,,28.6,,,,486.0,3.49,,3.6,,,1.04,301.0,,36.0,101.0,308.0,,,,,,,1.54,,1.54,,pacific_plate_west_ref,20.0,25.0,22.5,484.7
ODP0129-0801B-041R-001/026-031,,ODP0129,"CASTILLO, 1992",18.6423,156.36,0.0001,-5674.0,-5674.0,OLD_OCEANIC_CRUST,,,,IGN; INAA; TITR; VOL; XRF,WHOLE ROCK,IGNEOUS:VOLCANIC:MAFIC,BASALT,,45.77,3.31,16.03,,4.76,,4.72,,,0.14,5.2,8.25,,3.81,2.14,0.62,,5.09,,,2.0,,,,,,,,,,,,,46.0,28.0,44.0,,90.0,,,,358.0,,,,,,,,,,,,,,,,,,,,,,,,,,,,,,,30.5,63.8,,31.0,7.28,2.32,,1.03,,,,,2.31,0.32,,,,,,414.0,,,,,,,28.0,73.0,0.29,44.0,23.0,,5.92,,,,,,,,,,,,48.0,46.0,,,,,3.0,,,39,,,,358.0,,22.5,,,,518.0,3.17,,3.02,,,1.4,267.0,,32.0,90.0,272.0,,,,,,,2.0,,2.0,,pacific_plate_west_ref,26.0,31.0,28.5,483.26
ODP0129-0801B-041R-001/130-136,,ODP0129,"CASTILLO, 1992",18.6423,156.36,0.0001,-5674.0,-5674.0,OLD_OCEANIC_CRUST,,,,IGN; INAA; TITR; VOL; XRF,WHOLE ROCK,IGNEOUS:VOLCANIC:MAFIC,BASALT,,46.08,3.24,15.8,,4.28,,5.79,,,0.15,4.86,7.64,,3.71,2.61,0.61,,4.71,,,1.55,,,,,,,,,,,,,45.0,,44.0,,90.0,,,,250.0,,,,,,,,,,,,,,,,,,,,,,,,,,,,,,,36.3,74.16,8.65,35.47,7.41,2.47,7.23,,6.4,1.14,3.11,,2.6,0.44,,,,,,422.0,,,,,,,,61.0,0.39,44.0,24.0,,6.4,,,,,,,,,,,,49.0,45.0,,,,,10.0,,,52,,,,250.0,,25.2,,,,512.0,3.23,,3.5,,,1.01,275.0,,32.0,90.0,285.0,,,,,,,1.55,,1.55,,pacific_plate_west_ref,130.0,136.0,133.0,484.3
ODP0129-0801B-042R-002/000-007,,ODP0129,"CASTILLO, 1992",18.6423,156.36,0.0001,-5674.0,-5674.0,OLD_OCEANIC_CRUST,,,,IGN; INAA; TITR; VOL; XRF,WHOLE ROCK,IGNEOUS:VOLCANIC:MAFIC,BASALT,,46.91,2.89,17.42,,4.63,,4.68,,,0.14,6.5,8.36,,3.43,1.96,0.54,,2.93,,,1.97,,,,,,,,,,,,,69.0,,37.0,,72.0,,,,276.0,,,,,,,,,,,,,,,,,,,,,,,,,,,,,,,32.44,64.95,7.48,31.41,6.62,2.22,6.58,,5.68,1.02,2.71,,2.26,0.38,,,,,,377.0,,,,,,,,154.0,0.29,37.0,22.0,,5.8,,,,,,,,,,,,42.0,69.0,,,,,8.0,,,42,,,,276.0,,22.6,,,,572.0,2.76,,3.0,,,1.0,234.0,,29.0,72.0,243.0,,,,,,,1.97,,1.97,,pacific_plate_west_ref,0.0,7.0,3.5,489.05
ODP0129-0801B-042R-002/129-134,,ODP0129,"CASTILLO, 1992",18.6423,156.36,0.0001,-5674.0,-5674.0,OLD_OCEANIC_CRUST,,,,IGN; INAA; TITR; VOL; XRF,WHOLE ROCK,IGNEOUS:VOLCANIC:MAFIC,BASALT,,46.33,2.92,16.96,,4.04,,5.7,,,0.14,7.18,8.06,,3.26,1.82,0.56,,2.85,,,2.09,,,,,,,,,,,,,92.0,34.0,39.0,,71.0,,,,298.0,,,,,,,,,,,,,,,,,,,,,,,,,,,,,,,27.6,58.4,20.0,25.0,6.62,2.09,,0.89,,,,,2.18,0.3,,,,,,354.0,,,,,,,34.0,,0.24,39.0,20.0,,5.3,,,,,,,,,,,,41.0,92.0,,,,,7.0,,,38,,,,298.0,,20.1,,,,559.0,2.8,,2.57,,,0.89,218.0,,28.0,71.0,233.0,,,,,,,2.09,,2.09,,pacific_plate_west_ref,129.0,134.0,131.5,490.34
ODP0129-0801B-043R-001/022-027,,ODP0129,"CASTILLO, 1992",18.6423,156.36,0.0001,-5674.0,-5674.0,OLD_OCEANIC_CRUST,,,,IGN; INAA; TITR; VOL; XRF,WHOLE ROCK,IGNEOUS:VOLCANIC:MAFIC,BASALT,,45.88,2.94,15.23,,4.7,,5.7,,,0.13,8.28,6.21,,4.02,1.9,0.55,,4.58,,,4.17,,,,,,,,,,,,,163.0,46.0,39.0,,86.0,,,,379.0,,,,,,,,,,,,,,,,,,,,,,,,,,,,,,,27.1,57.8,,28.0,6.65,2.11,,0.9,,,,,2.12,0.3,,,,,,495.0,,,,,,,46.0,199.0,0.35,39.0,18.0,,5.48,,,,,,,,,,,,42.0,163.0,,,,,4.0,,,40,,,,379.0,,21.1,,,,384.0,2.73,,2.56,,,0.95,237.0,,28.0,86.0,244.0,,,,,,,4.17,,4.17,,pacific_plate_west_ref,22.0,27.0,24.5,492.24
ODP0129-0801B-043R-001/128-134,,ODP0129,"CASTILLO, 1992",18.6423,156.36,0.0001,-5674.0,-5674.0,OLD_OCEANIC_CRUST,,,,IGN; INAA; TITR; VOL; XRF,WHOLE ROCK,IGNEOUS:VOLCANIC:MAFIC,BASALT,,44.43,2.48,13.11,,5.73,,5.72,,,0.15,10.58,6.59,,2.76,1.46,0.46,,6.16,,,3.27,,,,,,,,,,,,,375.0,,35.0,,89.0,,,,1388.0,,,,,,,,,,,,,,,,,,,,,,,,,,,,,,,27.56,55.87,63.1,27.17,5.68,1.89,5.57,,4.91,0.85,2.36,,1.97,0.32,,,,,,371.0,,,,,,,,323.0,0.28,35.0,16.0,,4.8,,,,,,,,,,,,37.0,375.0,,,,,2.0,,,32,,,,1388.0,,20.7,,,,372.0,2.37,,2.54,,,0.77,204.0,,25.0,89.0,208.0,,,,,,,3.27,,3.27,,pacific_plate_west_ref,128.0,134.0,131.0,493.48
ODP0129-0801B-043R-004/005-010,,ODP0129,"CASTILLO, 1992",18.6423,156.36,0.0001,-5674.0,-5674.0,OLD_OCEANIC_CRUST,,,,IGN; INAA; TITR; VOL; XRF,WHOLE ROCK,IGNEOUS:VOLCANIC:MAFIC,BASALT,,47.2,3.08,16.83,,4.11,,4.59,,,0.2,3.58,6.15,,3.84,3.27,0.59,,6.82,,,2.14,,,,,,,,,,,,,41.0,23.0,33.0,,81.0,,,,234.0,,,,,,,,,,,,,,,,,,,,,,,,,,,,,,,27.9,59.4,,24.0,6.72,2.16,,0.95,,,,,2.33,0.34,,,,,,452.0,,,,,,,23.0,110.0,0.32,33.0,21.0,,5.75,,,,,,,,,,,,43.0,41.0,,,,,6.0,,,59,,,,234.0,,20.0,,,,411.0,2.79,,2.65,,,0.8,270.0,,29.0,81.0,259.0,,,,,,,2.14,,2.14,,pacific_plate_west_ref,5.0,10.0,7.5,496.53
ODP0129-0801B-044R-001/018-024,,ODP0129,"CASTILLO, 1992",18.6423,156.36,0.0001,-5674.0,-5674.0,OLD_OCEANIC_CRUST,,,,IGN; INAA; TITR; VOL; XRF,WHOLE ROCK,IGNEOUS:VOLCANIC:MAFIC,BASALT,,44.87,3.26,16.8,,3.76,,4.16,,,0.31,2.65,9.37,,4.01,2.94,0.57,,7.69,,,1.57,,,,,,,,,,,,,60.0,,35.0,,79.0,,,,214.0,,,,,,,,,,,,,,,,,,,,,,,,,,,,,,,32.84,67.53,7.88,32.94,7.02,2.37,7.15,,6.25,1.12,3.03,,2.56,0.4,,,,,,376.0,,,,,,,,90.0,0.5,35.0,22.0,,6.2,,,,,,,,,,,,43.0,60.0,,,,,9.0,,,51,,,,214.0,,23.8,,,,490.0,2.81,,2.8,,,0.95,254.0,,32.0,79.0,264.0,,,,,,,1.57,,1.57,,pacific_plate_west_ref,18.0,24.0,21.0,501.88
ODP0129-0801B-044R-001/107-113,,ODP0129,"CASTILLO, 1992",18.6423,156.36,0.0001,-5674.0,-5674.0,OLD_OCEANIC_CRUST,,,,IGN; INAA; TITR; VOL; XRF,WHOLE ROCK,IGNEOUS:VOLCANIC:MAFIC,BASALT,,48.13,3.26,17.72,,4.32,,3.22,,,0.18,3.05,4.35,,3.12,4.57,0.57,,6.96,,,3.34,,,,,,,,,,,,,107.0,43.0,35.0,,87.0,,,,347.0,,,,,,,,,,,,,,,,,,,,,,,,,,,,,,,27.0,56.6,,25.0,6.18,2.06,,0.88,,,,,2.02,0.27,,,,,,437.0,,,,,,,43.0,123.0,0.52,35.0,24.0,,5.27,,,,,,,,,,,,42.0,107.0,,,,,1.0,,,63,,,,347.0,,181.0,,,,250.0,2.8,,2.62,,,0.55,284.0,,27.0,87.0,214.0,,,,,,,3.34,,3.34,,pacific_plate_west_ref,107.0,113.0,110.0,502.77
ODP0129-0801B-044R-002/027-032,,ODP0129,"CASTILLO, 1992",18.6423,156.36,0.0001,-5674.0,-5674.0,OLD_OCEANIC_CRUST,,,,IGN; INAA; TITR; VOL; XRF,WHOLE ROCK,IGNEOUS:VOLCANIC:MAFIC,BASALT,,51.42,3.27,17.7,,3.75,,3.27,,,0.13,3.03,3.56,,3.2,5.67,0.55,,4.38,,,2.06,,,,,,,,,,,,,93.0,,42.0,,69.0,,,,264.0,,,,,,,,,,,,,,,,,,,,,,,,,,,,,,,31.84,66.47,7.68,32.4,6.97,2.31,6.96,,6.14,1.08,2.99,,2.52,0.4,,,,,,531.0,,,,,,,,130.0,0.74,42.0,20.0,,5.8,,,,,,,,,,,,44.0,93.0,,,,,8.0,,,67,,,,264.0,,23.7,,,,311.0,2.8,,2.8,,,2.3,253.0,,31.0,69.0,254.0,,,,,,,2.06,,2.06,,pacific_plate_west_ref,27.0,32.0,29.5,503.42
ODP0129-0801B-044R-003/028-033,,ODP0129,"CASTILLO, 1992",18.6423,156.36,0.0001,-5674.0,-5674.0,OLD_OCEANIC_CRUST,,,,IGN; INAA; TITR; VOL; XRF,WHOLE ROCK,IGNEOUS:VOLCANIC:MAFIC,BASALT,,47.65,3.16,17.22,,4.18,,5.04,,,0.14,4.21,7.24,,4.08,2.31,0.57,,3.65,,,1.4,,,,,,,,,,,,,59.0,35.0,36.0,,83.0,,,,285.0,,,,,,,,,,,,,,,,,,,,,,,,,,,,,,,28.9,60.6,,33.0,7.09,2.33,,1.09,,,,,2.6,0.38,,,,,,396.0,,,,,,,35.0,92.0,0.33,36.0,22.0,,5.88,,,,,,,,,,,,44.0,59.0,,,,,10.0,,,46,,,,285.0,,20.9,,,,528.0,2.79,,2.76,,,0.97,243.0,,33.0,83.0,268.0,,,,,,,1.4,,1.4,,pacific_plate_west_ref,28.0,33.0,30.5,504.91
ODP0129-0801C-001R-001/014-020,,ODP0129,"CASTILLO, 1992",18.6423,156.36,0.0001,-5674.0,-5674.0,OLD_OCEANIC_CRUST,,,,IGN; INAA; TITR; VOL; XRF,WHOLE ROCK,IGNEOUS:VOLCANIC:MAFIC,BASALT,,44.06,2.69,14.18,,4.49,,6.34,,,0.16,10.14,7.44,,2.58,1.57,0.51,,5.31,,,2.42,,,,,,,,,,,,,247.0,,39.0,,84.0,,,,381.0,,,,,,,,,,,,,,,,,,,,,,,,,,,,,,,28.97,59.22,6.69,28.43,6.06,1.99,,,5.18,0.9,2.5,,2.08,0.34,,,,,,315.0,,,,,,,,227.0,0.31,39.0,20.0,,4.9,,,,,,,,,,,,38.0,247.0,,,,,1.0,,,35,,,,381.0,,20.6,,,,465.0,2.31,,2.5,,,0.83,224.0,,27.0,84.0,221.0,,,,,,,2.42,,2.42,,pacific_plate_west_ref,14.0,20.0,17.0,493.84
ODP0129-0801C-001R-001/109-114,,ODP0129,"CASTILLO, 1992",18.6423,156.36,0.0001,-5674.0,-5674.0,OLD_OCEANIC_CRUST,,,,IGN; INAA; TITR; VOL; XRF,WHOLE ROCK,IGNEOUS:VOLCANIC:MAFIC,BASALT,,44.92,2.8,14.72,,3.62,,6.4,,,0.15,9.58,6.46,,3.45,1.75,0.6,,5.3,,,3.77,,,,,,,,,,,,,197.0,46.0,40.0,,86.0,,,,263.0,,,,,,,,,,,,,,,,,,,,,,,,,,,,,,,27.4,57.5,,30.0,6.37,2.05,,0.9,,,,,2.05,0.3,,,,,,427.0,,,,,,,46.0,154.0,0.31,40.0,19.0,,5.4,,,,,,,,,,,,41.0,197.0,,,,,1.0,,,40,,,,263.0,,20.1,,,,363.0,2.62,,2.61,,,0.97,241.0,,27.0,86.0,242.0,,,,,,,3.77,,3.77,,pacific_plate_west_ref,109.0,114.0,111.5,494.79
ODP0129-0801C-001R-005/033-038,,ODP0129,"CASTILLO, 1992",18.6423,156.36,0.0001,-5674.0,-5674.0,OLD_OCEANIC_CRUST,,,,IGN; INAA; TITR; VOL; XRF,WHOLE ROCK,IGNEOUS:VOLCANIC:MAFIC,BASALT,,46.13,3.14,16.57,,3.96,,5.79,,,0.16,5.08,6.59,,4.63,2.43,0.57,,4.36,,,2.9,,,,,,,,,,,,,57.0,30.0,36.0,,76.0,,,,312.0,,,,,,,,,,,,,,,,,,,,,,,,,,,,,,,28.9,60.3,,31.0,7.02,2.3,,1.03,,,,,2.51,0.36,,,,,,948.0,,,,,,,30.0,84.0,0.3,36.0,20.0,,5.91,,,,,,,,,,,,44.0,57.0,,,,,5.0,,,47,,,,312.0,,20.6,,,,470.0,2.86,,2.69,,,1.06,248.0,,32.0,76.0,267.0,,,,,,,2.9,,2.9,,pacific_plate_west_ref,33.0,38.0,35.5,498.88
ODP0129-0801C-002R-001/112-118,,ODP0129,"CASTILLO, 1992",18.6423,156.36,0.0001,-5674.0,-5674.0,OLD_OCEANIC_CRUST,,,,IGN; INAA; TITR; VOL; XRF,WHOLE ROCK,IGNEOUS:VOLCANIC:MAFIC,BASALT,,45.53,3.07,16.31,,4.25,,5.32,,,0.16,4.68,7.14,,3.94,2.14,0.61,,6.92,,,1.86,,,,,,,,,,,,,42.0,28.0,40.0,,83.0,,,,307.0,,,,,,,,,,,,,,,,,,,,,,,,,,,,,,,31.16,64.62,7.49,31.68,6.93,2.32,6.9,,6.21,1.09,2.99,,2.58,0.42,,,,,,396.0,,,,,,,28.0,87.0,0.44,40.0,24.0,,5.7,,,,,,,,,,,,42.0,42.0,,,,,3.0,,,44,,,,307.0,,21.5,,,,477.0,2.46,,2.43,,,0.81,254.0,,31.0,83.0,259.0,,,,,,,1.86,,1.86,,pacific_plate_west_ref,112.0,118.0,115.0,504.12
ODP0129-0801C-002R-003/114-119,,ODP0129,"CASTILLO, 1992",18.6423,156.36,0.0001,-5674.0,-5674.0,OLD_OCEANIC_CRUST,,,,IGN; INAA; TITR; VOL; XRF,WHOLE ROCK,IGNEOUS:VOLCANIC:MAFIC,BASALT,,45.25,3.17,16.77,,3.73,,5.27,,,0.19,4.9,6.34,,3.98,2.45,0.6,,7.39,,,2.13,,,,,,,,,,,,,114.0,41.0,42.0,,78.0,,,,279.0,,,,,,,,,,,,,,,,,,,,,,,,,,,,,,,27.7,58.0,,25.0,6.73,2.21,,0.93,,,,,2.25,0.32,,,,,,408.0,,,,,,,41.0,131.0,0.42,42.0,24.0,,5.74,,,,,,,,,,,,41.0,114.0,,,,,1.0,,,48,,,,279.0,,19.7,,,,498.0,2.64,,2.47,,,1.14,265.0,,30.0,78.0,255.0,,,,,,,2.13,,2.13,,pacific_plate_west_ref,114.0,119.0,116.5,506.98
ODP0129-0801C-002R-004/071-076,,ODP0129,"CASTILLO, 1992",18.6423,156.36,0.0001,-5674.0,-5674.0,OLD_OCEANIC_CRUST,,,,IGN; INAA; TITR; VOL; XRF,WHOLE ROCK,IGNEOUS:VOLCANIC:MAFIC,BASALT,,45.95,3.15,16.4,,3.66,,6.19,,,0.15,5.28,7.13,,3.86,2.33,0.54,,5.82,,,1.36,,,,,,,,,,,,,46.0,,40.0,,87.0,,,,246.0,,,,,,,,,,,,,,,,,,,,,,,,,,,,,,,31.14,64.75,7.45,31.41,6.85,2.29,6.88,,6.16,1.09,3.0,,2.56,0.41,,,,,,387.0,,,,,,,,76.0,0.4,40.0,23.0,,5.7,,,,,,,,,,,,41.0,46.0,,,,,2.0,,,46,,,,246.0,,20.9,,,,495.0,2.45,,2.46,,,0.85,262.0,,32.0,87.0,257.0,,,,,,,1.36,,1.36,,pacific_plate_west_ref,71.0,76.0,73.5,507.81
ODP0129-0801C-005R-001/103-105,,ODP0129,"CASTILLO, 1992",18.6423,156.36,0.0001,-5674.0,-5674.0,OLD_OCEANIC_CRUST,,,,IGN; INAA; TITR; VOL; XRF,WHOLE ROCK,IGNEOUS:VOLCANIC:MAFIC,BASALT,,52.13,1.23,18.78,,4.76,,0.61,,,0.07,1.86,5.02,,1.37,6.88,0.02,,6.74,,,3.53,,,,,,,,,,,,,46.0,8.0,20.0,,39.0,,,,125.0,,,,,,,,,,,,,,,,,,,,,,,,,,,,,,,1.86,6.0,,9.0,2.39,0.93,,0.57,,,,,1.78,0.25,,,,,,149.0,,,,,,,8.0,341.0,0.46,20.0,12.0,,1.72,,,,,,,,,,,,2.0,46.0,,,,,1.0,,,59,,,,125.0,,29.7,,,,82.0,0.05,,0.1,,,0.47,183.0,,25.0,39.0,70.0,,,,,,,3.53,,3.53,,pacific_plate_west_ref,103.0,105.0,104.0,532.23
ODP0129-0801C-005R-002/087-089,,ODP0129,"CASTILLO, 1992",18.6423,156.36,0.0001,-5674.0,-5674.0,OLD_OCEANIC_CRUST,,,,IGN; INAA; TITR; VOL; XRF,WHOLE ROCK,IGNEOUS:VOLCANIC:MAFIC,BASALT,,45.35,1.2,19.62,,3.85,,1.96,,,0.1,3.06,13.57,,2.93,0.7,0.02,,7.27,,,1.7,,,,,,,,,,,,,85.0,23.0,88.0,,48.0,,,,326.0,,,,,,,,,,,,,,,,,,,,,,,,,,,,,,,1.45,5.4,,6.0,2.25,0.9,,0.51,,,,,1.93,0.27,,,,,,14.0,,,,,,,23.0,342.0,0.19,88.0,18.0,,1.78,,,,,,,,,,,,2.0,85.0,,,,,1.0,,,18,,,,326.0,,38.8,,,,155.0,0.06,,0.08,,,0.2,245.0,,21.0,48.0,66.0,,,,,,,1.7,,1.7,,pacific_plate_west_ref,87.0,89.0,88.0,533.33
ODP0129-0801C-005R-003/038-043,,ODP0129,"CASTILLO, 1992",18.6423,156.36,0.0001,-5674.0,-5674.0,OLD_OCEANIC_CRUST,,,,IGN; INAA; TITR; VOL; XRF,WHOLE ROCK,IGNEOUS:VOLCANIC:MAFIC,BASALT,,45.91,1.15,19.39,,3.46,,3.6,,,0.13,4.79,13.14,,2.74,0.06,0.07,,5.06,,,1.44,,,,,,,,,,,,,89.0,66.0,86.0,,56.0,,,,493.0,,,,,,,,,,,,,,,,,,,,,,,,,,,,,,,1.37,5.3,,6.0,2.29,0.94,,0.61,,,,,2.11,0.32,,,,,,15.0,,,,,,,66.0,335.0,0.12,86.0,18.0,,1.67,,,,,,,,,,,,4.0,89.0,,,,,1.0,,,3,,,,493.0,,37.7,,,,143.0,0.07,,0.13,,,0.19,233.0,,24.0,56.0,69.0,,,,,,,1.44,,1.44,,pacific_plate_west_ref,38.0,43.0,40.5,534.15
ODP0129-0801C-005R-003/125-131,,ODP0129,"CASTILLO, 1992",18.6423,156.36,0.0001,-5674.0,-5674.0,OLD_OCEANIC_CRUST,,,,IGN; INAA; TITR; VOL; XRF,WHOLE ROCK,IGNEOUS:VOLCANIC:MAFIC,BASALT,,45.59,1.03,6.63,,6.62,,9.58,,,0.39,4.05,6.94,,1.28,1.28,0.05,,15.92,,,1.49,,,,,,,,,,,,,120.0,,47.0,,181.0,,,,168.0,,,,,,,,,,,,,,,,,,,,,,,,,,,,,,,3.95,10.44,1.78,11.1,3.46,1.25,5.73,,7.62,1.56,4.74,,4.74,0.81,,,,,,16.0,,,,,,,,65.0,0.27,47.0,11.0,,1.33,,,,,,,,,,,,0.7,120.0,,,,,5.0,,,32,,,,168.0,,53.1,,,,89.0,0.09,,0.11,,,0.81,387.0,,49.0,181.0,67.0,,,,,,,1.49,,1.49,,pacific_plate_west_ref,125.0,131.0,128.0,535.02
ODP0129-0801C-006R-002/029-034,,ODP0129,"CASTILLO, 1992",18.6423,156.36,0.0001,-5674.0,-5674.0,OLD_OCEANIC_CRUST,,,,IGN; INAA; TITR; VOL; XRF,WHOLE ROCK,IGNEOUS:VOLCANIC:MAFIC,BASALT,,46.43,0.98,16.32,,2.54,,5.9,,,0.14,9.67,11.48,,2.16,0.05,0.05,,4.45,,,1.51,,,,,,,,,,,,,240.0,48.0,79.0,,53.0,,,,383.0,,,,,,,,,,,,,,,,,,,,,,,,,,,,,,,0.99,3.9,,5.0,1.97,0.8,,0.56,,,,,2.29,0.35,,,,,,8.0,,,,,,,48.0,559.0,0.11,79.0,14.0,,1.42,,,,,,,,,,,,3.0,240.0,,,,,1.0,,,4,,,,383.0,,39.5,,,,100.0,0.06,,0.08,,,0.2,217.0,,24.0,53.0,55.0,,,,,,,1.51,,1.51,,pacific_plate_west_ref,29.0,34.0,31.5,542.08
ODP0129-0801C-006R-002/119-124,,ODP0129,"CASTILLO, 1992",18.6423,156.36,0.0001,-5674.0,-5674.0,OLD_OCEANIC_CRUST,,,,IGN; INAA; TITR; VOL; XRF,WHOLE ROCK,IGNEOUS:VOLCANIC:MAFIC,BASALT,,46.4,1.0,17.22,,3.44,,4.85,,,0.16,7.69,12.84,,2.37,0.02,0.01,,3.91,,,1.1,,,,,,,,,,,,,283.0,,82.0,,69.0,,,,505.0,,,,,,,,,,,,,,,,,,,,,,,,,,,,,,,1.51,5.23,1.26,7.04,1.92,0.87,3.37,,4.06,0.82,2.53,,2.44,0.44,,,,,,6.0,,,,,,,,557.0,0.05,82.0,14.0,,1.5,,,,,,,,,,,,3.0,283.0,,,,,1.0,,,2,,,,505.0,,40.4,,,,109.0,0.02,,0.03,,,0.02,213.0,,26.0,69.0,60.0,,,,,,,1.1,,1.1,,pacific_plate_west_ref,119.0,124.0,121.5,542.98
ODP0129-0801C-006R-003/037-042,,ODP0129,"CASTILLO, 1992",18.6423,156.36,0.0001,-5674.0,-5674.0,OLD_OCEANIC_CRUST,,,,IGN; INAA; TITR; VOL; XRF,WHOLE ROCK,IGNEOUS:VOLCANIC:MAFIC,BASALT,,40.58,0.98,17.53,,2.87,,2.48,,,0.18,2.71,16.37,,2.63,0.9,0.01,,12.28,,,1.86,,,,,,,,,,,,,220.0,,85.0,,52.0,,,,323.0,,,,,,,,,,,,,,,,,,,,,,,,,,,,,,,1.83,5.19,1.05,5.69,1.54,0.7,2.46,,2.89,0.58,1.82,,1.72,0.3,,,,,,7.0,,,,,,,,515.0,0.07,85.0,15.0,,1.18,,,,,,,,,,,,4.0,220.0,,,,,1.0,,,9,,,,323.0,,26.7,,,,130.0,0.04,,0.03,,,0.67,264.0,,18.0,52.0,48.0,,,,,,,1.86,,1.86,,pacific_plate_west_ref,37.0,42.0,39.5,543.56
ODP0129-0801C-007R-001/053-058,,ODP0129,"CASTILLO, 1992",18.6423,156.36,0.0001,-5674.0,-5674.0,OLD_OCEANIC_CRUST,,,,IGN; INAA; TITR; VOL; XRF,WHOLE ROCK,IGNEOUS:VOLCANIC:MAFIC,BASALT,,48.26,1.93,13.23,,3.5,,9.12,,,0.2,6.96,11.16,,2.68,0.08,0.16,,2.58,,,0.59,,,,,,,,,,,,,71.0,,81.0,,98.0,,,,576.0,,,,,,,,,,,,,,,,,,,,,,,,,,,,,,,5.37,15.13,2.36,13.36,4.24,1.49,6.03,,7.48,1.48,4.39,,4.36,0.74,,,,,,32.0,,,,,,,,140.0,0.05,81.0,19.0,,2.9,,,,,,,,,,,,7.0,71.0,,,,,5.0,,,1,,,,576.0,,42.0,,,,114.0,0.18,,0.19,,,0.1,416.0,,44.0,98.0,119.0,,,,,,,0.59,,0.59,,pacific_plate_west_ref,53.0,58.0,55.5,550.63
ODP0129-0801C-007R-001/099-105,,ODP0129,"CASTILLO, 1992",18.6423,156.36,0.0001,-5674.0,-5674.0,OLD_OCEANIC_CRUST,,,,IGN; INAA; TITR; VOL; XRF,WHOLE ROCK,IGNEOUS:VOLCANIC:MAFIC,BASALT,,47.01,1.96,13.58,,3.35,,8.43,,,0.19,6.62,11.44,,2.73,0.06,0.15,,3.86,,,0.85,,,,,,,,,,,,,71.0,53.0,73.0,,101.0,,,,607.0,,,,,,,,,,,,,,,,,,,,,,,,,,,,,,,3.63,11.2,,13.0,4.08,1.48,,1.03,,,,,4.08,0.62,,,,,,27.0,,,,,,,53.0,154.0,0.3,73.0,19.0,,3.36,,,,,,,,,,,,8.0,71.0,,,,,5.0,,,1,,,,607.0,,46.6,,,,118.0,0.19,,0.14,,,0.4,439.0,,43.0,101.0,120.0,,,,,,,0.85,,0.85,,pacific_plate_west_ref,99.0,105.0,102.0,551.09
ODP0129-0801C-007R-003/000-005,,ODP0129,"CASTILLO, 1992",18.6423,156.36,0.0001,-5674.0,-5674.0,OLD_OCEANIC_CRUST,,,,IGN; INAA; TITR; VOL; XRF,WHOLE ROCK,IGNEOUS:VOLCANIC:MAFIC,BASALT,,47.04,1.97,13.82,,6.4,,6.46,,,0.15,6.18,11.16,,2.79,0.44,0.1,,2.95,,,1.11,,,,,,,,,,,,,58.0,,74.0,,107.0,,,,502.0,,,,,,,,,,,,,,,,,,,,,,,,,,,,,,,4.36,12.66,2.04,12.27,3.85,1.45,5.65,,6.98,1.39,4.04,,3.96,0.66,,,,,,20.0,,,,,,,,130.0,0.26,74.0,22.0,,2.9,,,,,,,,,,,,7.0,58.0,,,,,7.0,,,14,,,,502.0,,43.4,,,,126.0,0.18,,0.18,,,0.26,476.0,,41.0,107.0,119.0,,,,,,,1.11,,1.11,,pacific_plate_west_ref,0.0,5.0,2.5,552.98
ODP0129-0801C-007R-004/077-083,,ODP0129,"CASTILLO, 1992",18.6423,156.36,0.0001,-5674.0,-5674.0,OLD_OCEANIC_CRUST,,,,IGN; INAA; TITR; VOL; XRF,WHOLE ROCK,IGNEOUS:VOLCANIC:MAFIC,BASALT,,48.88,2.01,13.71,,4.17,,7.65,,,0.17,6.64,11.31,,2.76,0.07,0.09,,1.7,,,0.91,,,,,,,,,,,,,67.0,47.0,76.0,,106.0,,,,622.0,,,,,,,,,,,,,,,,,,,,,,,,,,,,,,,3.71,11.4,,12.0,4.25,1.51,,1.05,,,,,4.25,0.64,,,,,,18.0,,,,,,,47.0,156.0,0.2,76.0,20.0,,3.18,,,,,,,,,,,,8.0,67.0,,,,,6.0,,,2,,,,622.0,,47.1,,,,117.0,0.2,,0.16,,,0.4,429.0,,44.0,106.0,120.0,,,,,,,0.91,,0.91,,pacific_plate_west_ref,77.0,83.0,80.0,555.2
ODP0129-0801C-007R-004/137-142,,ODP0129,"CASTILLO, 1992",18.6423,156.36,0.0001,-5674.0,-5674.0,OLD_OCEANIC_CRUST,,,,IGN; INAA; TITR; VOL; XRF,WHOLE ROCK,IGNEOUS:VOLCANIC:MAFIC,BASALT,,46.61,1.91,13.41,,3.06,,8.3,,,0.19,6.25,12.31,,2.82,0.1,0.09,,4.41,,,0.51,,,,,,,,,,,,,56.0,,71.0,,94.0,,,,644.0,,,,,,,,,,,,,,,,,,,,,,,,,,,,,,,4.41,13.02,2.18,12.64,4.0,1.51,5.97,,7.28,1.44,4.32,,4.23,0.71,,,,,,27.0,,,,,,,,122.0,0.05,71.0,22.0,,2.7,,,,,,,,,,,,7.0,56.0,,,,,5.0,,,2,,,,644.0,,43.9,,,,131.0,0.16,,0.16,,,0.07,416.0,,43.0,94.0,116.0,,,,,,,0.51,,0.51,,pacific_plate_west_ref,137.0,142.0,139.5,555.8
ODP0129-0801C-008R-001/065-067,,ODP0129,"CASTILLO, 1992",18.6423,156.36,0.0001,-5674.0,-5674.0,OLD_OCEANIC_CRUST,,,,IGN; INAA; TITR; VOL; XRF,WHOLE ROCK,IGNEOUS:VOLCANIC:MAFIC,BASALT,,46.66,2.19,15.92,,7.86,,2.25,,,0.08,2.99,10.65,,3.47,0.84,0.14,,7.3,,,2.14,,,,,,,,,,,,,61.0,26.0,73.0,,70.0,,,,269.0,,,,,,,,,,,,,,,,,,,,,,,,,,,,,,,4.04,12.8,,12.0,4.4,1.57,,1.0,,,,,3.45,0.51,,,,,,29.0,,,,,,,26.0,181.0,0.31,73.0,24.0,,3.3,,,,,,,,,,,,6.0,61.0,,,,,2.0,,,20,,,,269.0,,49.1,,,,150.0,0.19,,0.14,,,0.7,528.0,,41.0,70.0,112.0,,,,,,,2.14,,2.14,,pacific_plate_west_ref,65.0,67.0,66.0,560.15
ODP0129-0801C-008R-001/101-106,,ODP0129,"CASTILLO, 1992",18.6423,156.36,0.0001,-5674.0,-5674.0,OLD_OCEANIC_CRUST,,,,IGN; INAA; TITR; VOL; XRF,WHOLE ROCK,IGNEOUS:VOLCANIC:MAFIC,BASALT,,47.38,1.9,13.32,,2.76,,9.57,,,0.23,6.61,11.77,,2.69,0.1,0.09,,3.61,,,0.55,,,,,,,,,,,,,55.0,,73.0,,107.0,,,,561.0,,,,,,,,,,,,,,,,,,,,,,,,,,,,,,,4.26,12.75,2.12,12.27,4.02,1.51,6.03,,7.43,1.48,4.38,,4.32,0.74,,,,,,13.0,,,,,,,,128.0,0.1,73.0,18.0,,2.8,,,,,,,,,,,,7.0,55.0,,,,,5.0,,,3,,,,561.0,,44.8,,,,122.0,0.18,,0.17,,,0.07,421.0,,44.0,107.0,116.0,,,,,,,0.55,,0.55,,pacific_plate_west_ref,101.0,106.0,103.5,560.51
ODP0129-0801C-008R-002/078-080,,ODP0129,"CASTILLO, 1992",18.6423,156.36,0.0001,-5674.0,-5674.0,OLD_OCEANIC_CRUST,,,,IGN; INAA; TITR; VOL; XRF,WHOLE ROCK,IGNEOUS:VOLCANIC:MAFIC,BASALT,,47.49,1.89,13.36,,3.48,,8.25,,,0.21,7.4,12.82,,2.71,0.08,0.16,,3.34,,,0.57,,,,,,,,,,,,,58.0,48.0,74.0,,101.0,,,,541.0,,,,,,,,,,,,,,,,,,,,,,,,,,,,,,,3.34,10.7,,11.0,4.11,1.45,,1.04,,,,,4.04,0.61,,,,,,13.0,,,,,,,48.0,143.0,0.3,74.0,19.0,,3.01,,,,,,,,,,,,7.0,58.0,,,,,6.0,,,2,,,,541.0,,46.3,,,,124.0,0.19,,0.13,,,0.2,388.0,,42.0,101.0,113.0,,,,,,,0.57,,0.57,,pacific_plate_west_ref,78.0,80.0,79.0,561.35
ODP0129-0801C-008R-002/133-139,,ODP0129,"CASTILLO, 1992",18.6423,156.36,0.0001,-5674.0,-5674.0,OLD_OCEANIC_CRUST,,,,IGN; INAA; TITR; VOL; XRF,WHOLE ROCK,IGNEOUS:VOLCANIC:MAFIC,BASALT,,48.52,1.91,13.4,,3.59,,8.9,,,0.2,6.66,11.47,,3.49,0.09,0.15,,1.77,,,0.91,,,,,,,,,,,,,64.0,47.0,74.0,,104.0,,,,654.0,,,,,,,,,,,,,,,,,,,,,,,,,,,,,,,3.72,11.3,,12.0,4.04,1.48,,1.05,,,,,4.07,0.63,,,,,,20.0,,,,,,,47.0,140.0,0.09,74.0,19.0,,3.17,,,,,,,,,,,,6.0,64.0,,,,,6.0,,,3,,,,654.0,,47.3,,,,115.0,0.2,,0.11,,,0.4,430.0,,44.0,104.0,116.0,,,,,,,0.91,,0.91,,pacific_plate_west_ref,133.0,139.0,136.0,561.9
ODP0129-0801C-009R-005/020-024,,ODP0129,"CASTILLO, 1992",18.6423,156.36,0.0001,-5674.0,-5674.0,OLD_OCEANIC_CRUST,,,,IGN; INAA; TITR; VOL; XRF,WHOLE ROCK,IGNEOUS:VOLCANIC:MAFIC,BASALT,,49.1,1.71,14.05,,3.49,,7.81,,,0.18,7.19,11.73,,2.62,0.05,0.06,,1.31,,,0.97,,,,,,,,,,,,,69.0,46.0,78.0,,93.0,,,,670.0,,,,,,,,,,,,,,,,,,,,,,,,,,,,,,,2.75,8.8,,7.0,3.38,1.28,,0.94,,,,,3.53,0.53,,,,,,16.0,,,,,,,46.0,203.0,0.17,78.0,21.0,,2.55,,,,,,,,,,,,5.0,69.0,,,,,6.0,,,1,,,,670.0,,46.3,,,,108.0,0.13,,0.11,,,0.3,368.0,,37.0,93.0,95.0,,,,,,,0.97,,0.97,,pacific_plate_west_ref,20.0,24.0,22.0,568.81
ODP0129-0801C-010R-001/055-060,,ODP0129,"CASTILLO, 1992",18.6423,156.36,0.0001,-5674.0,-5674.0,OLD_OCEANIC_CRUST,,,,IGN; INAA; TITR; VOL; XRF,WHOLE ROCK,IGNEOUS:VOLCANIC:MAFIC,BASALT,,49.44,1.62,14.02,,3.82,,8.15,,,0.18,7.28,11.95,,2.56,0.06,0.06,,1.08,,,0.55,,,,,,,,,,,,,70.0,,75.0,,85.0,,,,602.0,,,,,,,,,,,,,,,,,,,,,,,,,,,,,,,3.48,10.78,2.06,10.65,3.44,1.33,5.2,0.0,6.38,1.27,3.83,,3.69,0.62,,,,,,14.0,,,,,,,,175.0,0.05,75.0,19.0,,2.4,,,,,,,,,,,,7.0,70.0,,,,,6.0,,,1,,,,602.0,,45.0,,,,113.0,0.13,,0.12,,,0.05,365.0,,38.0,85.0,97.0,,,,,,,0.55,,0.55,,pacific_plate_west_ref,55.0,60.0,57.5,569.55
ODP0129-0801C-010R-006/067-070,,ODP0129,"CASTILLO, 1992",18.6423,156.36,0.0001,-5674.0,-5674.0,OLD_OCEANIC_CRUST,,,,IGN; INAA; TITR; VOL; XRF,WHOLE ROCK,IGNEOUS:VOLCANIC:MAFIC,BASALT,,48.64,1.78,14.55,,3.95,,6.14,,,0.16,7.12,12.26,,2.77,0.07,0.06,,2.19,,,1.03,,,,,,,,,,,,,67.0,47.0,78.0,,95.0,,,,275.0,,,,,,,,,,,,,,,,,,,,,,,,,,,,,,,3.26,10.08,1.78,10.38,3.33,1.3,5.01,,6.24,1.24,3.71,,3.68,0.62,,,,,,9.0,,,,,,,47.0,200.0,0.1,78.0,19.0,,2.6,,,,,,,,,,,,6.0,67.0,,,,,3.0,,,1,,,,275.0,,45.9,,,,118.0,0.12,,0.11,,,0.1,408.0,,38.0,95.0,101.0,,,,,,,1.03,,1.03,,pacific_plate_west_ref,67.0,70.0,68.5,574.06
ODP0129-0801C-011R-002/121-126,,ODP0129,"CASTILLO, 1992",18.6423,156.36,0.0001,-5674.0,-5674.0,OLD_OCEANIC_CRUST,,,,IGN; INAA; TITR; VOL; XRF,WHOLE ROCK,IGNEOUS:VOLCANIC:MAFIC,BASALT,,48.45,2.19,14.18,,5.04,,7.26,,,0.19,6.8,11.86,,2.81,0.06,0.11,,1.34,,,0.71,,,,,,,,,,,,,66.0,,71.0,,106.0,,,,249.0,,,,,,,,,,,,,,,,,,,,,,,,,,,,,,,4.94,14.71,2.48,13.45,4.3,1.62,6.42,,7.67,1.52,4.51,,4.46,0.73,,,,,,26.0,,,,,,,,188.0,0.1,71.0,21.0,,3.5,,,,,,,,,,,,9.0,66.0,,,,,6.0,,,1,,,,249.0,,44.2,,,,137.0,0.24,,0.25,,,0.08,439.0,,44.0,106.0,141.0,,,,,,,0.71,,0.71,,pacific_plate_west_ref,121.0,126.0,123.5,579.11
ODP0129-0801C-011R-003/121-126,,ODP0129,"CASTILLO, 1992",18.6423,156.36,0.0001,-5674.0,-5674.0,OLD_OCEANIC_CRUST,,,,IGN; INAA; TITR; VOL; XRF,WHOLE ROCK,IGNEOUS:VOLCANIC:MAFIC,BASALT,,46.01,1.95,14.52,,4.13,,8.24,,,0.19,5.26,12.54,,2.57,0.09,0.1,,4.6,,,0.86,,,,,,,,,,,,,67.0,,66.0,,111.0,,,,443.0,,,,,,,,,,,,,,,,,,,,,,,,,,,,,,,3.87,12.28,1.99,12.0,3.96,1.48,5.95,,7.43,1.48,4.33,,4.3,0.73,,,,,,32.0,,,,,,,,315.0,0.1,66.0,18.0,,3.2,,,,,,,,,,,,7.0,67.0,,,,,4.0,,,3,,,,443.0,,42.0,,,,113.0,0.15,,0.13,,,0.08,401.0,,45.0,111.0,122.0,,,,,,,0.86,,0.86,,pacific_plate_west_ref,121.0,126.0,123.5,582.01
ODP0129-0801C-011R-003/131-136,,ODP0129,"CASTILLO, 1992",18.6423,156.36,0.0001,-5674.0,-5674.0,OLD_OCEANIC_CRUST,,,,IGN; INAA; TITR; VOL; XRF,WHOLE ROCK,IGNEOUS:VOLCANIC:MAFIC,BASALT,,47.19,2.11,15.15,,5.19,,6.64,,,0.16,6.0,12.01,,2.59,0.1,0.17,,2.29,,,1.32,,,,,,,,,,,,,88.0,48.0,69.0,,111.0,,,,490.0,,,,,,,,,,,,,,,,,,,,,,,,,,,,,,,3.34,10.8,,10.0,4.25,1.46,,1.05,,,,,4.08,0.61,,,,,,16.0,,,,,,,48.0,318.0,0.4,69.0,18.0,,3.19,,,,,,,,,,,,7.0,88.0,,,,,6.0,,,4,,,,490.0,,44.1,,,,112.0,0.16,,0.07,,,0.6,441.0,,44.0,111.0,126.0,,,,,,,1.32,,1.32,,pacific_plate_west_ref,131.0,136.0,133.5,580.16
ODP0129-0801C-012R-003/032-037,,ODP0129,"CASTILLO, 1992",18.6423,156.36,0.0001,-5674.0,-5674.0,OLD_OCEANIC_CRUST,,,,IGN; INAA; TITR; VOL; XRF,WHOLE ROCK,IGNEOUS:VOLCANIC:MAFIC,BASALT,,48.42,2.3,13.25,,3.63,,8.78,,,0.22,6.8,11.3,,2.79,0.04,0.19,,1.22,,,0.51,,,,,,,,,,,,,56.0,47.0,74.0,,101.0,,,,574.0,,,,,,,,,,,,,,,,,,,,,,,,,,,,,,,4.33,14.3,,19.0,4.71,1.66,,1.24,,,,,4.72,0.7,,,,,,22.0,,,,,,,47.0,93.0,0.2,74.0,22.0,,3.75,,,,,,,,,,,,7.0,56.0,,,,,5.0,,,1,,,,574.0,,47.3,,,,121.0,0.22,,0.16,,,0.6,437.0,,49.0,101.0,143.0,,,,,,,0.51,,0.51,,pacific_plate_west_ref,32.0,37.0,34.5,590.58
ODP0129-0801C-012R-003/057-062,,ODP0129,"CASTILLO, 1992",18.6423,156.36,0.0001,-5674.0,-5674.0,OLD_OCEANIC_CRUST,,,,IGN; INAA; TITR; VOL; XRF,WHOLE ROCK,IGNEOUS:VOLCANIC:MAFIC,BASALT,,48.9,2.29,13.58,,4.61,,7.96,,,0.22,6.83,11.11,,2.82,0.08,0.12,,1.07,,,0.79,,,,,,,,,,,,,60.0,47.0,73.0,,108.0,,,,623.0,,,,,,,,,,,,,,,,,,,,,,,,,,,,,,,4.31,13.2,,14.0,4.83,1.65,,1.24,,,,,4.71,0.7,,,,,,25.0,,,,,,,47.0,101.0,0.3,73.0,21.0,,3.83,,,,,,,,,,,,7.0,60.0,,,,,6.0,,,2,,,,623.0,,46.8,,,,119.0,0.23,,0.14,,,0.4,458.0,,49.0,108.0,144.0,,,,,,,0.79,,0.79,,pacific_plate_west_ref,57.0,62.0,59.5,590.83
ODP0185-0801C-015R-007/031-034,,ODP0185,"HAUFF, 2003; KELLEY, 2003",18.6423,156.36,0.0001,-5674.0,-5674.0,OLD_OCEANIC_CRUST,,,,ICPAES; ICPMS; IGN; MS-ID,WHOLE ROCK,IGNEOUS:VOLCANIC:MAFIC,BASALT,,51.1,2.55,20.42,,5.65,,,,,0.149,2.02,14.26,,3.82,0.529,0.266,,9.07,,,,,,,,,,,,,,,,42.9,16.2,195.0,,18.9,,,,,,,,,,,,,,,,,,,,,,,,,,,,,,,,,,,4.04,13.2,2.37,12.6,4.3,1.57,0.961,5.47,5.94,1.26,3.45,,3.1,0.453,,,,,,15.8,0.438,,,,,,16.2,172.0,0.0565,195.0,23.0,,2.47,,,,,,6.63,,,,,,3.91,42.9,,,,,1.1,,,4.3,,,,,,36.6,,,,159.0,0.285,,0.21,,,0.48,433.0,,40.3,18.9,85.1,,,,,,,,,,,pacific_plate_west_ref,31.0,34.0,32.5,621.69
ODP0185-0801C-034R-001/093-096,,ODP0185,"HAUFF, 2003; KELLEY, 2003",18.6423,156.36,0.0001,-5674.0,-5674.0,OLD_OCEANIC_CRUST,,,,ICPAES; ICPMS; IGN; MS-ID,WHOLE ROCK,IGNEOUS:VOLCANIC:MAFIC,BASALT,,47.93,2.41,13.8,,15.68,,,,,0.202,6.88,10.22,,2.85,0.178,0.249,,0.38,,,,,,,,,,,,,,,,56.9,53.5,55.8,,117.0,,,,,,,,,,,,,,,,,,,,,,,,,,,,,,,,,,,5.19,17.2,3.07,16.4,5.6,1.88,7.97,1.45,9.22,2.0,5.65,,5.64,0.867,,,,,,12.0,0.644,,,,,,53.5,99.2,0.124,55.8,19.1,,4.36,,,,,,10.6,,,,,,4.51,56.9,,,,,0.7,,,4.7,,,,,,45.2,,,,118.0,0.313,,0.25,,,0.79,442.0,,64.0,117.0,164.0,,,,,,,,,,,pacific_plate_west_ref,93.0,96.0,94.5,786.23
ODP0185-0801C-040R-001/024-027,,ODP0185,"HAUFF, 2003; KELLEY, 2003",18.6423,156.36,0.0001,-5674.0,-5674.0,OLD_OCEANIC_CRUST,,,,ICPAES; ICPMS; IGN; MS-ID,WHOLE ROCK,IGNEOUS:VOLCANIC:MAFIC,BASALT,,42.13,1.59,10.82,,11.47,,,,,0.388,6.25,23.89,,2.07,0.58,0.153,,15.41,,,,,,,,,,,,,,,,32.8,17.7,46.8,,74.4,,,,,,,,,,,,,,,,,,,,,,,,,,,,,,,,,,,3.44,10.5,1.84,9.8,3.4,1.17,0.884,4.92,5.88,1.33,3.83,,3.75,0.592,,,,,,6.6,0.608,,,,,,17.7,93.5,0.398,46.8,12.9,,2.52,,,,,,10.1,,,,,,2.78,32.8,,,,,0.3,,,18.7,,,,,,32.4,,,,117.0,0.191,,0.14,,,1.65,287.0,,45.8,74.4,104.0,,,,,,,,,,,pacific_plate_west_ref,24.0,27.0,25.5,841.74
ODP0185-0801C-044R-003/023-026,,ODP0185,"HAUFF, 2003; KELLEY, 2003",18.6423,156.36,0.0001,-5674.0,-5674.0,OLD_OCEANIC_CRUST,,,,ICPAES; ICPMS; IGN; MS-ID,WHOLE ROCK,IGNEOUS:VOLCANIC:MAFIC,BASALT,,47.16,2.07,14.38,,13.39,,,,,0.227,6.4,12.63,,3.06,0.373,0.213,,3.31,,,,,,,,,,,,,,,,57.2,44.7,30.7,,118.0,,,,,,,,,,,,,,,,,,,,,,,,,,,,,,,,,,,4.62,14.2,2.53,13.5,4.7,1.64,6.68,1.19,7.74,1.71,4.86,,4.72,0.73,,,,,,17.6,0.633,,,,,,44.7,115.0,0.23,30.7,19.3,,3.58,,,,,,9.91,,,,,,3.78,57.2,,,,,0.3,,,8.8,,,,,,45.5,,,,133.0,0.266,,0.21,,,1.47,410.0,,56.5,118.0,132.0,,,,,,,,,,,pacific_plate_west_ref,23.0,26.0,24.5,881.79
ODP0129-0801B-037R-001/036-038,,ODP0129,"KELLEY, 2003",18.6423,156.36,0.0001,-5674.0,-5674.0,OLD_OCEANIC_CRUST,,,,ICPAES; ICPMS; IGN,WHOLE ROCK,IGNEOUS:VOLCANIC:MAFIC,BASALT,,59.69,2.67,19.57,,3.91,,,,,0.191,2.65,1.4,,2.34,7.3,0.446,,2.83,,,,,,,,,,,,,,,,57.6,17.5,283.0,,61.1,,,,,,,,,,,,,,,,,,,,,,,,,,,,,,,,,,,21.3,44.3,5.88,22.7,4.69,1.61,0.826,4.96,4.88,0.966,2.63,,2.2,0.325,,,,,,581.0,1.13,,,,,,17.5,141.0,1.33,283.0,25.2,,3.24,,,,,,35.6,,,,,,40.5,57.6,,,,,2.36,,,84.6,,,,,,25.0,,,,134.0,2.81,,2.15,,,0.989,107.0,,31.1,61.1,169.0,,,,,,,,,,,pacific_plate_west_ref,36.0,38.0,37.0,461.86
ODP0129-0801B-041R-001/026-030,,ODP0129,"KELLEY, 2003",18.6423,156.36,0.0001,-5674.0,-5674.0,OLD_OCEANIC_CRUST,,,,ICPAES; ICPMS; IGN,WHOLE ROCK,IGNEOUS:VOLCANIC:MAFIC,BASALT,,47.92,3.17,16.76,,10.66,,,,,0.154,5.18,8.61,,3.53,2.4,0.69,,2.89,,,,,,,,,,,,,,,,40.7,29.5,28.8,,87.0,,,,,,,,,,,,,,,,,,,,,,,,,,,,,,,,,,,29.8,65.6,8.5,34.0,7.32,2.47,1.13,7.36,6.29,1.15,3.05,,2.57,0.387,,,,,,451.0,2.6,,,,,,29.5,82.3,0.31,28.8,23.2,,6.55,,,,,,24.0,,,,,,53.7,40.7,,,,,1.9,,,49.2,,,,,,23.4,,,,544.0,3.53,,3.25,,,1.01,232.0,,32.9,87.0,310.0,,,,,,,,,,,pacific_plate_west_ref,26.0,30.0,28.0,483.26
ODP0129-0801B-041R-002/074-079,,ODP0129,"KELLEY, 2003",18.6423,156.36,0.0001,-5674.0,-5674.0,OLD_OCEANIC_CRUST,,,,ICPAES; ICPMS; IGN,WHOLE ROCK,IGNEOUS:VOLCANIC:MAFIC,BASALT,,48.7,3.03,16.82,,10.9,,,,,0.171,5.1,8.95,,3.46,2.83,0.691,,5.62,,,,,,,,,,,,,,,,40.7,26.2,34.4,,90.3,,,,,,,,,,,,,,,,,,,,,,,,,,,,,,,,,,,30.1,65.4,8.45,33.9,7.26,2.42,1.13,7.25,6.23,1.16,3.05,,2.61,0.393,,,,,,428.0,2.59,,,,,,26.2,98.4,0.339,34.4,23.0,,6.37,,,,,,23.6,,,,,,53.2,40.7,,,,,2.27,,,57.7,,,,,,22.6,,,,531.0,3.47,,3.23,,,0.926,225.0,,32.7,90.3,282.0,,,,,,,,,,,pacific_plate_west_ref,74.0,79.0,76.5,485.24
ODP0129-0801B-043R-003/111-114,,ODP0129,"KELLEY, 2003",18.6423,156.36,0.0001,-5674.0,-5674.0,OLD_OCEANIC_CRUST,,,,ICPAES; ICPMS; IGN,WHOLE ROCK,IGNEOUS:VOLCANIC:MAFIC,BASALT,,47.77,3.31,16.85,,8.02,,,,,0.549,5.86,9.8,,2.95,3.69,0.797,,11.71,,,,,,,,,,,,,,,,77.0,21.7,61.5,,68.9,,,,,,,,,,,,,,,,,,,,,,,,,,,,,,,,,,,35.2,71.0,9.82,40.8,9.29,2.98,1.42,9.56,7.7,1.42,3.6,,2.96,0.466,,,,,,424.0,2.17,,,,,,21.7,87.3,0.452,61.5,18.9,,4.77,,,,,,11.4,,,,,,45.7,77.0,,,,,2.23,,,56.3,,,,,,15.6,,,,328.0,3.11,,2.73,,,3.38,174.0,,49.3,68.9,286.0,,,,,,,,,,,pacific_plate_west_ref,111.0,114.0,112.5,496.09
ODP0129-0801C-001R-005/033-035,,ODP0129,"KELLEY, 2003",18.6423,156.36,0.0001,-5674.0,-5674.0,OLD_OCEANIC_CRUST,,,,ICPAES; ICPMS; IGN,WHOLE ROCK,IGNEOUS:VOLCANIC:MAFIC,BASALT,,48.61,3.11,17.23,,10.99,,,,,0.162,5.16,6.58,,5.02,2.55,0.682,,2.1,,,,,,,,,,,,,,,,51.0,29.8,24.3,,83.5,,,,,,,,,,,,,,,,,,,,,,,,,,,,,,,,,,,28.3,62.5,8.18,33.0,7.25,2.48,1.15,7.36,6.39,1.18,3.15,,2.7,0.402,,,,,,744.0,2.26,,,,,,29.8,89.7,0.383,24.3,28.0,,6.47,,,,,,20.7,,,,,,49.7,51.0,,,,,2.29,,,51.2,,,,,,21.7,,,,349.0,3.29,,2.9,,,0.962,215.0,,34.6,83.5,310.0,,,,,,,,,,,pacific_plate_west_ref,33.0,35.0,34.0,498.88
ODP0129-0801C-002R-005/024-028,,ODP0129,"KELLEY, 2003",18.6423,156.36,0.0001,-5674.0,-5674.0,OLD_OCEANIC_CRUST,,,,ICPAES; ICPMS; IGN,WHOLE ROCK,IGNEOUS:VOLCANIC:MAFIC,BASALT,,46.88,1.98,14.17,,9.16,,,,,0.327,7.41,11.84,,4.04,3.68,0.769,,12.11,,,,,,,,,,,,,,,,7.8,10.1,12.0,,90.0,,,,,,,,,,,,,,,,,,,,,,,,,,,,,,,,,,,33.1,72.3,9.26,36.7,7.78,2.51,1.26,7.91,7.08,1.34,3.63,,3.21,0.484,,,,,,552.0,3.12,,,,,,10.1,1.42,0.276,12.0,24.4,,7.05,,,,,,10.7,,,,,,57.1,7.8,,,,,2.79,,,57.3,,,,,,14.9,,,,406.0,3.53,,3.59,,,1.57,130.0,,40.5,90.0,399.0,,,,,,,,,,,pacific_plate_west_ref,24.0,28.0,26.0,508.73
ODP0129-0801C-005R-001/095-098,,ODP0129,"KELLEY, 2003",18.6423,156.36,0.0001,-5674.0,-5674.0,OLD_OCEANIC_CRUST,,,,ICPAES; ICPMS; IGN,WHOLE ROCK,IGNEOUS:VOLCANIC:MAFIC,BASALT,,57.38,1.08,19.63,,5.94,,,,,0.0541,2.17,4.97,,1.46,8.1,0.0853,,7.22,,,,,,,,,,,,,,,,64.8,11.5,18.3,,44.0,,,,,,,,,,,,,,,,,,,,,,,,,,,,,,,,,,,1.36,4.55,0.956,5.47,1.99,0.821,0.49,2.83,3.12,0.67,1.83,,1.64,0.248,,,,,,180.0,0.316,,,,,,11.5,368.0,0.668,18.3,14.0,,1.65,,,,,,34.7,,,,,,0.274,64.8,,,,,0.246,,,78.5,,,,,,34.2,,,,88.9,0.0389,,0.018,,,0.305,150.4,,21.4,44.0,62.0,,,,,,,,,,,pacific_plate_west_ref,95.0,98.0,96.5,532.15
ODP0129-0801C-006R-003/042-045,,ODP0129,"KELLEY, 2003",18.6423,156.36,0.0001,-5674.0,-5674.0,OLD_OCEANIC_CRUST,,,,ICPAES; ICPMS; IGN,WHOLE ROCK,IGNEOUS:VOLCANIC:MAFIC,BASALT,,50.0,1.14,21.89,,6.01,,,,,0.148,2.39,14.07,,3.04,0.834,0.0712,,9.86,,,,,,,,,,,,,,,,244.0,69.9,117.0,,59.1,,,,,,,,,,,,,,,,,,,,,,,,,,,,,,,,,,,3.3,9.78,1.78,9.57,3.33,1.2,0.869,4.82,5.73,1.28,3.68,,3.74,0.596,,,,,,4.63,0.505,,,,,,69.9,575.0,0.17,117.0,15.5,,2.49,,,,,,14.0,,,,,,2.47,244.0,,,,,0.36,,,13.1,,,,,,31.4,,,,145.0,0.188,,0.141,,,0.471,218.0,,21.2,59.1,57.7,,,,,,,,,,,pacific_plate_west_ref,42.0,45.0,43.5,543.71
ODP0129-0801C-007R-003/043-048,,ODP0129,"KELLEY, 2003",18.6423,156.36,0.0001,-5674.0,-5674.0,OLD_OCEANIC_CRUST,,,,ICPAES; ICPMS; IGN,WHOLE ROCK,IGNEOUS:VOLCANIC:MAFIC,BASALT,,41.9,1.53,11.99,,13.73,,,,,0.236,5.5,21.75,,2.28,0.451,0.153,,11.74,,,,,,,,,,,,,,,,65.7,42.1,58.6,,78.7,,,,,,,,,,,,,,,,,,,,,,,,,,,,,,,,,,,1.05,3.91,0.808,4.58,1.64,0.723,0.434,2.4,2.9,0.649,1.84,,1.83,0.283,,,,,,6.21,0.376,,,,,,42.1,119.0,0.0511,58.6,14.2,,1.76,,,,,,15.7,,,,,,0.251,65.7,,,,,0.459,,,7.53,,,,,,34.9,,,,125.0,0.0347,,0.016,,,0.535,355.0,,37.2,78.7,96.0,,,,,,,,,,,pacific_plate_west_ref,43.0,48.0,45.5,553.41
ODP0129-0801C-009R-004/001-004,,ODP0129,"KELLEY, 2003",18.6423,156.36,0.0001,-5674.0,-5674.0,OLD_OCEANIC_CRUST,,,,ICPAES; ICPMS; IGN,WHOLE ROCK,IGNEOUS:VOLCANIC:MAFIC,BASALT,,48.83,1.5,13.71,,12.04,,,,,0.204,6.41,13.56,,2.67,0.0397,0.134,,2.14,,,,,,,,,,,,,,,,62.7,45.7,64.8,,83.9,,,,,,,,,,,,,,,,,,,,,,,,,,,,,,,,,,,2.6,8.96,1.63,9.04,3.32,1.21,0.855,4.76,5.63,1.24,3.5,,3.41,0.518,,,,,,6.6,0.425,,,,,,45.7,192.0,0.0034,64.8,16.3,,2.62,,,,,,7.03,,,,,,2.11,62.7,,,,,0.19,,,0.0505,,,,,,44.8,,,,124.0,0.169,,0.117,,,0.0514,344.0,,36.7,83.9,99.1,,,,,,,,,,,pacific_plate_west_ref,1.0,4.0,2.5,566.35
ODP0129-0801C-011R-002/145-148,,ODP0129,"KELLEY, 2003",18.6423,156.36,0.0001,-5674.0,-5674.0,OLD_OCEANIC_CRUST,,,,ICPAES; ICPMS; IGN,WHOLE ROCK,IGNEOUS:VOLCANIC:MAFIC,BASALT,,47.71,1.79,14.29,,13.2,,,,,0.219,5.68,14.47,,2.44,0.171,0.165,,3.1,,,,,,,,,,,,,,,,72.5,43.8,52.2,,93.3,,,,,,,,,,,,,,,,,,,,,,,,,,,,,,,,,,,3.05,10.7,1.97,10.7,3.89,1.34,0.99,5.5,6.47,1.44,4.1,,3.98,0.614,,,,,,6.47,0.488,,,,,,43.8,272.0,0.173,52.2,16.3,,3.24,,,,,,8.05,,,,,,2.5,72.5,,,,,0.423,,,5.42,,,,,,40.3,,,,121.0,0.203,,0.135,,,0.0713,365.0,,44.5,93.3,111.0,,,,,,,,,,,pacific_plate_west_ref,145.0,148.0,146.5,580.75
ODP0129-0801C-012R-002/111-113,,ODP0129,"KELLEY, 2003",18.6423,156.36,0.0001,-5674.0,-5674.0,OLD_OCEANIC_CRUST,,,,ICPAES; ICPMS; IGN,WHOLE ROCK,IGNEOUS:VOLCANIC:MAFIC,BASALT,,42.08,1.77,11.55,,13.84,,,,,0.426,6.4,21.11,,2.29,0.0814,0.189,,10.55,,,,,,,,,,,,,,,,40.0,37.2,42.9,,76.7,,,,,,,,,,,,,,,,,,,,,,,,,,,,,,,,,,,3.46,11.2,1.95,10.5,3.67,1.24,0.92,5.11,6.03,1.34,3.86,,3.85,0.604,,,,,,7.71,0.578,,,,,,37.2,72.1,0.0873,42.9,13.8,,2.94,,,,,,6.8,,,,,,2.86,40.0,,,,,0.385,,,1.19,,,,,,33.3,,,,155.0,0.218,,0.152,,,0.198,319.0,,47.1,76.7,119.0,,,,,,,,,,,pacific_plate_west_ref,111.0,113.0,112.0,589.91
ODP0185-0801C-014R-001/086-088,,ODP0185,"KELLEY, 2003",18.6423,156.36,0.0001,-5674.0,-5674.0,OLD_OCEANIC_CRUST,,,,ICPAES; ICPMS; IGN,WHOLE ROCK,IGNEOUS:VOLCANIC:MAFIC,BASALT,,47.93,2.17,13.85,,13.79,,,,,0.28,6.47,12.46,,2.67,0.0913,0.276,,1.09,,,,,,,,,,,,,,,,47.6,44.5,56.8,,105.0,,,,,,,,,,,,,,,,,,,,,,,,,,,,,,,,,,,4.37,14.3,2.55,13.8,4.83,1.66,1.21,6.72,7.92,1.75,4.98,,4.83,0.749,,,,,,15.6,0.614,,,,,,44.5,104.0,0.0247,56.8,17.3,,4.0,,,,,,6.69,,,,,,4.08,47.6,,,,,0.698,,,0.887,,,,,,43.8,,,,127.0,0.31,,0.215,,,0.0995,413.0,,51.8,105.0,138.0,,,,,,,,,,,pacific_plate_west_ref,86.0,88.0,87.0,604.86
ODP0185-0801C-015R-002/117-120,,ODP0185,"KELLEY, 2003",18.6423,156.36,0.0001,-5674.0,-5674.0,OLD_OCEANIC_CRUST,,,,ICPAES; ICPMS; IGN,WHOLE ROCK,IGNEOUS:VOLCANIC:MAFIC,BASALT,,49.89,2.18,17.21,,11.49,,,,,0.0941,4.42,10.08,,3.51,0.525,0.218,,5.95,,,,,,,,,,,,,,,,61.5,39.3,71.4,,110.0,,,,,,,,,,,,,,,,,,,,,,,,,,,,,,,,,,,3.92,12.9,2.39,12.9,4.6,1.63,6.4,1.16,7.25,1.52,4.21,,3.91,0.57,,,,,,15.3,0.413,,,,,,39.3,153.0,0.0895,71.4,20.7,,3.39,,,,,,13.9,,,,,,3.43,61.5,,,,,0.564,,,5.65,,,,,,52.0,,,,162.0,0.334,,0.136,,,0.547,421.0,,48.3,110.0,141.0,,,,,,,,,,,pacific_plate_west_ref,117.0,120.0,118.5,616.19
ODP0185-0801C-015R-007/096-099,,ODP0185,"KELLEY, 2003",18.6423,156.36,0.0001,-5674.0,-5674.0,OLD_OCEANIC_CRUST,,,,ICPAES; ICPMS; IGN,WHOLE ROCK,IGNEOUS:VOLCANIC:MAFIC,BASALT,,43.95,2.29,17.19,,19.83,,,,,0.0617,5.84,6.4,,3.1,0.128,0.228,,5.47,,,,,,,,,,,,,,,,100.0,59.8,76.1,,226.0,,,,,,,,,,,,,,,,,,,,,,,,,,,,,,,,,,,4.38,13.7,2.38,12.4,4.05,1.44,5.03,0.882,5.46,1.14,3.15,,2.95,0.432,,,,,,13.8,0.435,,,,,,59.8,218.0,0.0291,76.1,0.553,,3.99,,,,,,10.5,,,,,,5.14,100.0,,,,,0.585,,,1.22,,,,,,48.4,,,,151.0,0.363,,0.273,,,0.202,413.0,,31.8,226.0,168.0,,,,,,,,,,,pacific_plate_west_ref,96.0,99.0,97.5,622.34
ODP0185-0801C-016R-002/027-031,,ODP0185,"KELLEY, 2003",18.6423,156.36,0.0001,-5674.0,-5674.0,OLD_OCEANIC_CRUST,,,,ICPAES; ICPMS; IGN,WHOLE ROCK,IGNEOUS:VOLCANIC:MAFIC,BASALT,,42.36,2.02,12.66,,19.57,,,,,0.212,5.63,13.67,,2.2,2.42,0.229,,14.57,,,,,,,,,,,,,,,,70.5,42.6,30.9,,67.0,,,,,,,,,,,,,,,,,,,,,,,,,,,,,,,,,,,4.34,12.8,2.44,13.3,4.74,1.57,6.98,1.25,8.1,1.77,4.87,,4.54,0.71,,,,,,13.8,0.926,,,,,,42.6,145.0,0.709,30.9,13.8,,3.68,,,,,,13.6,,,,,,3.09,70.5,,,,,0.569,,,38.8,,,,,,39.7,,,,147.0,0.252,,0.204,,,0.764,328.0,,65.1,67.0,170.0,,,,,,,,,,,pacific_plate_west_ref,27.0,31.0,29.0,625.01
ODP0185-0801C-016R-002/082-086,,ODP0185,"KELLEY, 2003",18.6423,156.36,0.0001,-5674.0,-5674.0,OLD_OCEANIC_CRUST,,,,ICPAES; ICPMS; IGN,WHOLE ROCK,IGNEOUS:VOLCANIC:MAFIC,BASALT,,48.77,2.83,18.5,,8.98,,,,,0.15,2.76,13.41,,3.41,0.733,0.271,,9.11,,,,,,,,,,,,,,,,39.0,19.2,28.1,,57.5,,,,,,,,,,,,,,,,,,,,,,,,,,,,,,,,,,,4.12,13.6,2.53,13.7,4.76,1.71,6.44,1.16,7.35,1.58,4.47,,4.27,0.641,,,,,,11.2,0.498,,,,,,19.2,210.0,0.201,28.1,23.3,,4.44,,,,,,10.2,,,,,,4.6,39.0,,,,,0.939,,,11.2,,,,,,50.8,,,,171.0,0.339,,0.251,,,0.428,455.0,,55.0,57.5,189.0,,,,,,,,,,,pacific_plate_west_ref,82.0,86.0,84.0,625.56
ODP0185-0801C-016R-005/062-065,,ODP0185,"KELLEY, 2003",18.6423,156.36,0.0001,-5674.0,-5674.0,OLD_OCEANIC_CRUST,,,,ICPAES; ICPMS; IGN,WHOLE ROCK,IGNEOUS:VOLCANIC:MAFIC,BASALT,,46.89,1.31,6.56,,16.65,,,,,0.499,2.97,21.59,,1.91,0.549,0.186,,14.54,,,,,,,,,,,,,,,,40.4,30.8,13.5,,55.7,,,,,,,,,,,,,,,,,,,,,,,,,,,,,,,,,,,3.7,8.88,1.68,8.47,2.72,0.904,3.72,0.658,4.28,0.964,2.78,,2.86,0.454,,,,,,9.14,0.623,,,,,,30.8,43.3,0.0273,13.5,9.59,,2.38,,,,,,14.4,,,,,,2.91,40.4,,,,,0.363,,,4.6,,,,,,18.1,,,,134.0,0.21,,0.168,,,1.73,234.0,,34.0,55.7,109.0,,,,,,,,,,,pacific_plate_west_ref,62.0,65.0,63.5,629.51
ODP0185-0801C-018R-001/064-069,,ODP0185,"KELLEY, 2003",18.6423,156.36,0.0001,-5674.0,-5674.0,OLD_OCEANIC_CRUST,,,,ICPAES; ICPMS; IGN,WHOLE ROCK,IGNEOUS:VOLCANIC:MAFIC,BASALT,,47.73,2.43,13.49,,15.45,,,,,0.243,6.38,10.71,,2.84,0.0694,0.235,,0.18,,,,,,,,,,,,,,,,47.1,42.5,63.2,,110.0,,,,,,,,,,,,,,,,,,,,,,,,,,,,,,,,,,,4.42,15.1,2.76,14.9,5.26,1.78,7.18,1.32,8.35,1.79,5.09,,5.11,0.794,,,,,,9.72,0.69,,,,,,42.5,108.0,0.0035,63.2,19.3,,4.23,,,,,,8.33,,,,,,4.41,47.1,,,,,0.403,,,0.338,,,,,,45.4,,,,125.0,0.314,,0.194,,,0.134,448.0,,57.1,110.0,166.0,,,,,,,,,,,pacific_plate_west_ref,64.0,69.0,66.5,642.84
ODP0185-0801C-021R-002/086-089,,ODP0185,"KELLEY, 2003",18.6423,156.36,0.0001,-5674.0,-5674.0,OLD_OCEANIC_CRUST,,,,ICPAES; ICPMS; IGN,WHOLE ROCK,IGNEOUS:VOLCANIC:MAFIC,BASALT,,43.13,1.76,12.67,,13.27,,,,,0.25,6.07,19.04,,2.5,0.252,0.2,,8.46,,,,,,,,,,,,,,,,65.4,43.2,48.3,,87.5,,,,,,,,,,,,,,,,,,,,,,,,,,,,,,,,,,,4.72,14.2,2.52,13.4,4.57,1.57,6.58,1.21,7.76,1.74,5.02,,4.97,0.786,,,,,,9.33,0.615,,,,,,43.2,119.0,0.154,48.3,15.3,,2.97,,,,,,11.4,,,,,,3.12,65.4,,,,,0.358,,,7.32,,,,,,38.9,,,,136.0,0.214,,0.162,,,0.916,360.0,,56.2,87.5,118.0,,,,,,,,,,,pacific_plate_west_ref,86.0,89.0,87.5,672.29
ODP0185-0801C-023R-003/080-084,,ODP0185,"KELLEY, 2003",18.6423,156.36,0.0001,-5674.0,-5674.0,OLD_OCEANIC_CRUST,,,,ICPAES; ICPMS; IGN,WHOLE ROCK,IGNEOUS:VOLCANIC:MAFIC,BASALT,,48.29,2.27,14.13,,13.82,,,,,0.212,6.89,10.26,,3.02,0.0734,0.225,,0.18,,,,,,,,,,,,,,,,46.8,42.0,57.3,,117.0,,,,,,,,,,,,,,,,,,,,,,,,,,,,,,,,,,,4.43,14.7,2.62,14.2,4.92,1.7,6.73,1.23,7.82,1.71,4.77,,4.56,0.705,,,,,,9.19,0.561,,,,,,42.0,110.0,0.0024,57.3,19.3,,4.13,,,,,,10.0,,,,,,4.43,46.8,,,,,0.388,,,0.213,,,,,,48.9,,,,128.0,0.308,,0.245,,,0.108,437.0,,50.6,117.0,170.0,,,,,,,,,,,pacific_plate_west_ref,80.0,84.0,82.0,685.38
ODP0185-0801C-024R-001/046-049,,ODP0185,"KELLEY, 2003",18.6423,156.36,0.0001,-5674.0,-5674.0,OLD_OCEANIC_CRUST,,,,ICPAES; ICPMS; IGN,WHOLE ROCK,IGNEOUS:VOLCANIC:MAFIC,BASALT,,47.99,2.01,13.28,,15.1,,,,,0.214,7.17,10.3,,2.78,0.12,0.193,,0.58,,,,,,,,,,,,,,,,53.2,42.0,45.4,,99.9,,,,,,,,,,,,,,,,,,,,,,,,,,,,,,,,,,,3.83,12.7,2.32,12.5,4.36,1.53,6.2,1.12,7.21,1.59,4.47,,4.35,0.688,,,,,,8.14,0.599,,,,,,42.0,109.0,0.0579,45.4,18.2,,3.89,,,,,,10.3,,,,,,4.08,53.2,,,,,0.598,,,3.24,,,,,,45.2,,,,122.0,0.295,,0.251,,,0.399,412.0,,49.2,99.9,150.0,,,,,,,,,,,pacific_plate_west_ref,46.0,49.0,47.5,691.76
ODP0185-0801C-025R-001/010-013,,ODP0185,"KELLEY, 2003",18.6423,156.36,0.0001,-5674.0,-5674.0,OLD_OCEANIC_CRUST,,,,ICPAES; ICPMS; IGN,WHOLE ROCK,IGNEOUS:VOLCANIC:MAFIC,BASALT,,48.56,2.01,13.74,,13.95,,,,,0.248,6.86,11.58,,2.68,0.0483,0.185,,0.67,,,,,,,,,,,,,,,,61.3,45.8,57.5,,110.0,,,,,,,,,,,,,,,,,,,,,,,,,,,,,,,,,,,3.85,13.0,2.38,12.9,4.6,1.62,6.54,1.19,7.68,1.71,4.82,,4.67,0.731,,,,,,7.73,0.47,,,,,,45.8,207.0,0.0029,57.5,18.6,,3.8,,,,,,8.01,,,,,,3.23,61.3,,,,,0.547,,,0.171,,,,,,48.0,,,,120.0,0.247,,0.186,,,0.072,434.0,,49.4,110.0,137.0,,,,,,,,,,,pacific_plate_west_ref,10.0,13.0,11.5,700.8
ODP0185-0801C-027R-003/066-069,,ODP0185,"KELLEY, 2003",18.6423,156.36,0.0001,-5674.0,-5674.0,OLD_OCEANIC_CRUST,,,,ICPAES; ICPMS; IGN,WHOLE ROCK,IGNEOUS:VOLCANIC:MAFIC,BASALT,,47.64,1.76,13.99,,13.0,,,,,0.222,5.99,14.67,,2.45,0.099,0.175,,3.83,,,,,,,,,,,,,,,,64.6,43.7,57.3,,92.2,,,,,,,,,,,,,,,,,,,,,,,,,,,,,,,,,,,3.58,11.5,2.05,11.0,3.85,1.36,5.47,0.995,6.41,1.42,4.0,,3.88,0.606,,,,,,11.5,0.506,,,,,,43.7,195.0,0.0649,57.3,16.8,,3.16,,,,,,8.26,,,,,,3.31,64.6,,,,,0.517,,,2.21,,,,,,43.9,,,,127.0,0.242,,0.195,,,0.407,370.0,,44.9,92.2,116.0,,,,,,,,,,,pacific_plate_west_ref,66.0,69.0,67.5,723.14
ODP0185-0801C-028R-001/110-114,,ODP0185,"KELLEY, 2003",18.6423,156.36,0.0001,-5674.0,-5674.0,OLD_OCEANIC_CRUST,,,,ICPAES; ICPMS; IGN,WHOLE ROCK,IGNEOUS:VOLCANIC:MAFIC,BASALT,,48.75,1.55,13.31,,13.53,,,,,0.168,8.35,11.62,,2.51,0.554,0.18,,5.72,,,,,,,,,,,,,,,,63.6,35.4,70.5,,88.1,,,,,,,,,,,,,,,,,,,,,,,,,,,,,,,,,,,3.73,11.87,2.15,11.36,3.86,1.32,5.21,0.903,5.64,1.21,3.38,,3.26,0.511,,,,,,12.6,0.515,,,,,,35.4,172.0,0.241,70.5,15.5,,2.61,,,,,,30.8,,,,,,2.85,63.6,,,,,0.416,,,10.6,,,,,,35.3,,,,123.0,0.219,,0.163,,,0.131,305.0,,43.0,88.1,99.8,,,,,,,,,,,pacific_plate_west_ref,110.0,114.0,112.0,729.8
ODP0185-0801C-028R-002/036-038,,ODP0185,"KELLEY, 2003",18.6423,156.36,0.0001,-5674.0,-5674.0,OLD_OCEANIC_CRUST,,,,ICPAES; ICPMS,WHOLE ROCK,IGNEOUS:VOLCANIC:MAFIC,BASALT,,48.72,1.82,14.38,,13.4,,,,,0.243,7.15,12.45,,2.5,0.0525,0.177,,,,,,,,,,,,,,,,,,76.4,52.9,67.4,,101.0,,,,,,,,,,,,,,,,,,,,,,,,,,,,,,,,,,,3.94,12.5,2.26,11.9,4.12,1.45,5.75,1.04,6.74,1.49,4.2,,4.09,0.631,,,,,,11.8,0.53,,,,,,52.9,196.0,0.0202,67.4,16.4,,3.3,,,,,,6.77,,,,,,3.85,76.4,,,,,0.437,,,0.433,,,,,,44.4,,,,124.0,1.14,,0.212,,,0.0987,370.0,,46.0,101.0,118.0,,,,,,,,,,,pacific_plate_west_ref,36.0,38.0,37.0,730.4
ODP0185-0801C-028R-002/100-104,,ODP0185,"KELLEY, 2003",18.6423,156.36,0.0001,-5674.0,-5674.0,OLD_OCEANIC_CRUST,,,,ICPAES; ICPMS; IGN,WHOLE ROCK,IGNEOUS:VOLCANIC:MAFIC,BASALT,,47.17,1.57,13.77,,11.79,,,,,0.182,7.72,13.78,,2.38,0.591,0.137,,5.08,,,,,,,,,,,,,,,,81.3,45.7,63.2,,68.7,,,,,,,,,,,,,,,,,,,,,,,,,,,,,,,,,,,3.0,9.51,1.72,9.32,3.25,1.16,4.67,0.842,5.45,1.2,3.47,,3.35,0.523,,,,,,19.3,0.556,,,,,,45.7,215.0,0.116,63.2,14.4,,2.6,,,,,,17.1,,,,,,2.81,81.3,,,,,0.372,,,5.2,,,,,,38.7,,,,113.0,0.191,,0.123,,,1.22,320.0,,36.1,68.7,109.0,,,,,,,,,,,pacific_plate_west_ref,100.0,104.0,102.0,731.04
ODP0185-0801C-029R-001/016-018,,ODP0185,"KELLEY, 2003",18.6423,156.36,0.0001,-5674.0,-5674.0,OLD_OCEANIC_CRUST,,,,ICPAES; ICPMS,WHOLE ROCK,IGNEOUS:VOLCANIC:MAFIC,BASALT,,47.39,2.43,13.55,,14.97,,,,,0.274,6.7,10.98,,2.72,0.108,0.244,,,,,,,,,,,,,,,,,,58.6,50.0,52.6,,128.0,,,,,,,,,,,,,,,,,,,,,,,,,,,,,,,,,,,4.84,16.3,2.99,16.3,5.72,1.91,7.98,1.44,9.3,2.06,5.8,,5.69,0.88,,,,,,6.75,0.685,,,,,,50.0,97.6,,52.6,19.5,,4.64,,,,,,11.9,,,,,,4.27,58.6,,,,,0.402,,,0.355,,,,,,47.3,,,,117.0,0.694,,0.227,,,0.672,459.0,,62.4,128.0,169.0,,,,,,,,,,,pacific_plate_west_ref,16.0,18.0,17.0,738.06
ODP0185-0801C-030R-001/003-007,,ODP0185,"KELLEY, 2003",18.6423,156.36,0.0001,-5674.0,-5674.0,OLD_OCEANIC_CRUST,,,,ICPAES; ICPMS; IGN,WHOLE ROCK,IGNEOUS:VOLCANIC:MAFIC,BASALT,,47.22,2.43,13.77,,16.61,,,,,0.163,7.11,9.18,,2.8,0.367,0.26,,2.4,,,,,,,,,,,,,,,,41.1,28.7,37.9,,124.0,,,,,,,,,,,,,,,,,,,,,,,,,,,,,,,,,,,4.6,15.23,2.81,15.36,5.44,1.78,7.57,1.33,8.42,1.8,4.99,,4.49,0.684,,,,,,7.97,0.567,,,,,,28.7,112.0,0.358,37.9,19.7,,4.39,,,,,,13.2,,,,,,4.12,41.1,,,,,0.483,,,13.8,,,,,,45.7,,,,121.0,0.3,,0.226,,,0.234,446.0,,59.8,124.0,162.0,,,,,,,,,,,pacific_plate_west_ref,3.0,7.0,5.0,747.33
ODP0185-0801C-030R-001/111-114,,ODP0185,"KELLEY, 2003",18.6423,156.36,0.0001,-5674.0,-5674.0,OLD_OCEANIC_CRUST,,,,ICPAES; ICPMS; IGN,WHOLE ROCK,IGNEOUS:VOLCANIC:MAFIC,BASALT,,48.09,2.25,13.02,,15.37,,,,,0.21,6.27,11.05,,2.6,0.0609,0.217,,0.51,,,,,,,,,,,,,,,,57.6,44.4,44.0,,113.0,,,,,,,,,,,,,,,,,,,,,,,,,,,,,,,,,,,4.55,15.1,2.74,15.0,5.28,1.76,7.35,1.33,8.58,1.9,5.38,,5.25,0.814,,,,,,10.0,0.711,,,,,,44.4,98.8,0.0188,44.0,17.7,,4.29,,,,,,7.51,,,,,,3.81,57.6,,,,,0.132,,,0.565,,,,,,45.2,,,,111.0,0.311,,0.208,,,0.103,434.0,,56.6,113.0,155.0,,,,,,,,,,,pacific_plate_west_ref,111.0,114.0,112.5,748.41
ODP0185-0801C-030R-005/039-042,,ODP0185,"KELLEY, 2003",18.6423,156.36,0.0001,-5674.0,-5674.0,OLD_OCEANIC_CRUST,,,,ICPAES; ICPMS; IGN,WHOLE ROCK,IGNEOUS:VOLCANIC:MAFIC,BASALT,,47.53,1.61,11.93,,12.69,,,,,0.197,7.14,15.07,,2.57,0.194,0.167,,6.97,,,,,,,,,,,,,,,,47.2,35.9,21.3,,62.3,,,,,,,,,,,,,,,,,,,,,,,,,,,,,,,,,,,3.44,11.0,1.97,10.5,3.7,1.25,5.29,0.961,6.35,1.42,4.14,,4.29,0.675,,,,,,6.05,0.569,,,,,,35.9,130.0,0.104,21.3,14.8,,2.81,,,,,,12.8,,,,,,2.62,47.2,,,,,0.254,,,5.95,,,,,,37.6,,,,112.0,0.189,,0.111,,,0.289,304.0,,46.6,62.3,112.0,,,,,,,,,,,pacific_plate_west_ref,39.0,42.0,40.5,752.55
ODP0185-0801C-031R-004/043-045,,ODP0185,"KELLEY, 2003",18.6423,156.36,0.0001,-5674.0,-5674.0,OLD_OCEANIC_CRUST,,,,ICPAES; ICPMS; IGN,WHOLE ROCK,IGNEOUS:VOLCANIC:MAFIC,BASALT,,48.66,2.25,12.83,,15.19,,,,,0.23,6.07,11.27,,2.63,0.0522,0.221,,0.15,,,,,,,,,,,,,,,,51.5,44.0,50.9,,117.0,,,,,,,,,,,,,,,,,,,,,,,,,,,,,,,,,,,4.53,15.1,2.69,15.0,5.28,1.77,7.31,1.35,8.65,1.93,5.43,,5.38,0.841,,,,,,11.6,0.73,,,,,,44.0,103.0,0.0079,50.9,18.1,,4.31,,,,,,7.6,,,,,,3.91,51.5,,,,,2.36,,,0.284,,,,,,45.8,,,,109.0,0.292,,0.216,,,0.0865,428.0,,59.1,117.0,157.0,,,,,,,,,,,pacific_plate_west_ref,43.0,45.0,44.0,761.02
ODP0185-0801C-031R-007/007-010,,ODP0185,"KELLEY, 2003",18.6423,156.36,0.0001,-5674.0,-5674.0,OLD_OCEANIC_CRUST,,,,ICPAES; ICPMS; IGN,WHOLE ROCK,IGNEOUS:VOLCANIC:MAFIC,BASALT,,49.12,2.05,11.7,,17.37,,,,,0.161,8.1,9.21,,2.27,0.428,0.212,,3.11,,,,,,,,,,,,,,,,44.6,29.7,18.4,,103.0,,,,,,,,,,,,,,,,,,,,,,,,,,,,,,,,,,,4.67,13.8,2.45,13.1,4.63,1.57,6.63,1.22,7.72,1.69,4.82,,4.57,0.71,,,,,,8.71,0.751,,,,,,29.7,94.1,0.372,18.4,16.5,,3.54,,,,,,13.2,,,,,,3.25,44.6,,,,,0.241,,,15.6,,,,,,37.1,,,,102.0,0.231,,0.178,,,0.119,499.0,,57.9,103.0,143.0,,,,,,,,,,,pacific_plate_west_ref,7.0,10.0,8.5,764.81
ODP0185-0801C-032R-001/121-127,,ODP0185,"KELLEY, 2003",18.6423,156.36,0.0001,-5674.0,-5674.0,OLD_OCEANIC_CRUST,,,,ICPAES; ICPMS; IGN,WHOLE ROCK,IGNEOUS:VOLCANIC:MAFIC,BASALT,,51.34,1.59,10.62,,17.51,,,,,0.141,8.94,6.31,,2.29,1.83,0.175,,2.53,,,,,,,,,,,,,,,,42.6,27.7,24.0,,91.8,,,,,,,,,,,,,,,,,,,,,,,,,,,,,,,,,,,3.11,10.7,2.01,11.1,3.89,1.26,5.38,0.944,6.04,1.3,3.64,,3.49,0.541,,,,,,6.06,0.533,,,,,,27.7,70.7,0.511,24.0,18.2,,2.92,,,,,,11.9,,,,,,2.66,42.6,,,,,0.28,,,45.4,,,,,,31.2,,,,80.5,0.191,,0.104,,,0.0386,309.0,,37.6,91.8,113.0,,,,,,,,,,,pacific_plate_west_ref,121.0,127.0,124.0,767.51
ODP0185-0801C-034R-002/036-040,,ODP0185,"KELLEY, 2003",18.6423,156.36,0.0001,-5674.0,-5674.0,OLD_OCEANIC_CRUST,,,,ICPAES; ICPMS; IGN,WHOLE ROCK,IGNEOUS:VOLCANIC:MAFIC,BASALT,,48.86,2.2,12.41,,17.27,,,,,0.186,5.95,9.43,,2.49,0.827,0.214,,1.96,,,,,,,,,,,,,,,,43.8,33.6,48.6,,115.0,,,,,,,,,,,,,,,,,,,,,,,,,,,,,,,,,,,5.18,16.5,2.88,15.7,5.41,1.8,7.61,1.38,9.02,2.0,5.74,,5.8,0.914,,,,,,13.4,0.83,,,,,,33.6,92.7,0.601,48.6,17.6,,4.21,,,,,,14.1,,,,,,4.13,43.8,,,,,0.435,,,28,,,,,,43.2,,,,115.0,0.327,,0.224,,,0.619,447.0,,59.3,115.0,160.0,,,,,,,,,,,pacific_plate_west_ref,36.0,40.0,38.0,786.9
ODP0185-0801C-035R-003/100-104,,ODP0185,"KELLEY, 2003",18.6423,156.36,0.0001,-5674.0,-5674.0,OLD_OCEANIC_CRUST,,,,ICPAES; ICPMS; IGN,WHOLE ROCK,IGNEOUS:VOLCANIC:MAFIC,BASALT,,50.64,2.37,13.09,,14.65,,,,,0.217,6.02,10.82,,2.76,0.126,0.239,,1.93,,,,,,,,,,,,,,,,53.2,47.8,63.8,,108.0,,,,,,,,,,,,,,,,,,,,,,,,,,,,,,,,,,,6.02,18.5,3.18,16.7,5.69,1.89,8.14,1.49,9.73,2.2,6.4,,6.27,0.989,,,,,,13.7,0.775,,,,,,47.8,98.4,0.0748,63.8,18.6,,4.38,,,,,,15.4,,,,,,4.33,53.2,,,,,0.451,,,2.08,,,,,,45.4,,,,124.0,0.315,,0.259,,,0.806,458.0,,70.1,108.0,155.0,,,,,,,,,,,pacific_plate_west_ref,100.0,104.0,102.0,798.62
ODP0185-0801C-037R-004/106-110,,ODP0185,"KELLEY, 2003",18.6423,156.36,0.0001,-5674.0,-5674.0,OLD_OCEANIC_CRUST,,,,ICPAES; ICPMS; IGN,WHOLE ROCK,IGNEOUS:VOLCANIC:MAFIC,BASALT,,49.27,2.28,13.19,,15.41,,,,,0.216,6.1,10.83,,2.71,0.111,0.229,,0.58,,,,,,,,,,,,,,,,50.7,45.9,56.2,,120.0,,,,,,,,,,,,,,,,,,,,,,,,,,,,,,,,,,,4.84,16.6,2.97,16.3,5.65,1.88,7.84,1.41,9.13,2.01,5.69,,5.57,0.858,,,,,,14.1,0.8,,,,,,45.9,91.7,0.0078,56.2,18.8,,4.65,,,,,,7.79,,,,,,4.73,50.7,,,,,0.134,,,0.846,,,,,,46.5,,,,113.0,0.362,,0.256,,,0.104,448.0,,57.7,120.0,173.0,,,,,,,,,,,pacific_plate_west_ref,106.0,110.0,108.0,818.32
ODP0185-0801C-037R-005/112-114,,ODP0185,"KELLEY, 2003",18.6423,156.36,0.0001,-5674.0,-5674.0,OLD_OCEANIC_CRUST,,,,ICPAES; ICPMS; IGN,WHOLE ROCK,IGNEOUS:VOLCANIC:MAFIC,BASALT,,46.87,1.91,10.95,,21.77,,,,,0.131,8.88,7.19,,2.43,0.433,0.207,,1.66,,,,,,,,,,,,,,,,30.3,16.7,17.7,,84.4,,,,,,,,,,,,,,,,,,,,,,,,,,,,,,,,,,,4.07,12.7,2.24,12.0,4.14,1.41,1.06,5.93,6.89,1.53,4.37,,4.35,0.685,,,,,,16.1,0.762,,,,,,16.7,89.2,0.313,17.7,14.7,,3.47,,,,,,9.52,,,,,,3.57,30.3,,,,,0.234,,,14.3,,,,,,33.9,,,,96.9,0.268,,0.189,,,0.262,371.0,,47.5,84.4,123.0,,,,,,,,,,,pacific_plate_west_ref,112.0,114.0,113.0,819.58
ODP0185-0801C-038R-001/022-027,,ODP0185,"KELLEY, 2003",18.6423,156.36,0.0001,-5674.0,-5674.0,OLD_OCEANIC_CRUST,,,,ICPAES; ICPMS; IGN,WHOLE ROCK,IGNEOUS:VOLCANIC:MAFIC,BASALT,,46.38,2.19,12.67,,13.26,,,,,0.273,5.98,15.67,,2.57,0.187,0.21,,5.72,,,,,,,,,,,,,,,,60.0,45.8,67.3,,103.0,,,,,,,,,,,,,,,,,,,,,,,,,,,,,,,,,,,4.5,14.4,2.6,13.9,4.87,1.62,6.85,1.26,8.02,1.76,5.01,,4.91,0.756,,,,,,14.1,0.633,,,,,,45.8,101.0,0.101,67.3,17.1,,3.78,,,,,,7.88,,,,,,4.36,60.0,,,,,0.481,,,4.57,,,,,,40.7,,,,125.0,0.376,,0.179,,,0.564,391.0,,57.2,103.0,155.0,,,,,,,,,,,pacific_plate_west_ref,22.0,27.0,24.5,823.02
ODP0185-0801C-038R-003/053-059,,ODP0185,"KELLEY, 2003",18.6423,156.36,0.0001,-5674.0,-5674.0,OLD_OCEANIC_CRUST,,,,ICPAES; ICPMS; IGN,WHOLE ROCK,IGNEOUS:VOLCANIC:MAFIC,BASALT,,47.84,2.2,13.24,,17.14,,,,,0.0726,9.91,5.52,,2.66,0.616,0.169,,3.53,,,,,,,,,,,,,,,,53.2,36.8,67.0,,96.0,,,,,,,,,,,,,,,,,,,,,,,,,,,,,,,,,,,4.24,12.8,2.34,12.5,4.4,1.49,6.14,1.11,7.08,1.59,4.46,,4.14,0.65,,,,,,15.3,0.592,,,,,,36.8,119.0,0.71,67.0,16.8,,3.56,,,,,,33.3,,,,,,3.56,53.2,,,,,1.48,,,19,,,,,,41.6,,,,107.0,0.246,,0.029,,,0.634,382.0,,47.4,96.0,144.0,,,,,,,,,,,pacific_plate_west_ref,53.0,59.0,56.0,826.29
ODP0185-0801C-042R-002/034-038,,ODP0185,"KELLEY, 2003",18.6423,156.36,0.0001,-5674.0,-5674.0,OLD_OCEANIC_CRUST,,,,ICPAES; ICPMS; IGN,WHOLE ROCK,IGNEOUS:VOLCANIC:MAFIC,BASALT,,51.3,1.72,14.81,,11.98,,,,,0.193,6.75,10.82,,2.82,0.187,0.173,,1.43,,,,,,,,,,,,,,,,77.2,55.3,56.5,,104.0,,,,,,,,,,,,,,,,,,,,,,,,,,,,,,,,,,,3.44,11.2,2.04,11.0,3.83,1.38,5.41,0.971,6.24,1.36,3.86,,3.66,0.564,,,,,,11.4,0.52,,,,,,55.3,286.0,0.158,56.5,18.4,,3.13,,,,,,10.7,,,,,,2.92,77.2,,,,,0.372,,,4.75,,,,,,48.9,,,,129.0,0.207,,0.167,,,0.791,391.0,,43.8,104.0,117.0,,,,,,,,,,,pacific_plate_west_ref,34.0,38.0,36.0,861.55
ODP0185-0801C-043R-001/013-015,,ODP0185,"KELLEY, 2003",18.6423,156.36,0.0001,-5674.0,-5674.0,OLD_OCEANIC_CRUST,,,,ICPAES; ICPMS; IGN,WHOLE ROCK,IGNEOUS:VOLCANIC:MAFIC,BASALT,,48.46,2.04,13.52,,13.72,,,,,0.241,6.61,11.44,,2.78,0.0732,0.181,,0.61,,,,,,,,,,,,,,,,51.0,48.0,64.6,,108.0,,,,,,,,,,,,,,,,,,,,,,,,,,,,,,,,,,,3.88,13.1,2.33,13.0,4.59,1.58,6.3,1.16,7.43,1.65,4.63,,4.71,0.739,,,,,,10.9,0.695,,,,,,48.0,84.9,0.0027,64.6,18.6,,3.75,,,,,,10.3,,,,,,3.54,51.0,,,,,0.771,,,0.432,,,,,,46.7,,,,118.0,0.259,,0.196,,,0.083,411.0,,48.4,108.0,141.0,,,,,,,,,,,pacific_plate_west_ref,13.0,15.0,14.0,869.23
ODP0185-0801C-043R-002/101-104,,ODP0185,"KELLEY, 2003",18.6423,156.36,0.0001,-5674.0,-5674.0,OLD_OCEANIC_CRUST,,,,ICPAES; ICPMS; IGN,WHOLE ROCK,IGNEOUS:VOLCANIC:MAFIC,BASALT,,49.06,1.73,12.11,,16.72,,,,,0.207,6.72,8.67,,2.63,1.42,0.172,,1.06,,,,,,,,,,,,,,,,56.0,46.6,34.0,,100.0,,,,,,,,,,,,,,,,,,,,,,,,,,,,,,,,,,,3.19,10.4,1.94,10.5,3.71,1.32,5.41,0.993,6.42,1.4,4.07,,4.03,0.632,,,,,,9.72,0.471,,,,,,46.6,83.6,0.227,34.0,17.0,,2.97,,,,,,8.88,,,,,,2.8,56.0,,,,,0.336,,,30.3,,,,,,39.8,,,,98.8,0.193,,0.152,,,0.162,368.0,,45.1,100.0,116.0,,,,,,,,,,,pacific_plate_west_ref,101.0,104.0,102.5,871.57
ODP0185-0801C-043R-003/050-055,,ODP0185,"KELLEY, 2003",18.6423,156.36,0.0001,-5674.0,-5674.0,OLD_OCEANIC_CRUST,,,,ICPAES; ICPMS; IGN,WHOLE ROCK,IGNEOUS:VOLCANIC:MAFIC,BASALT,,49.84,1.34,9.53,,18.12,,,,,0.191,7.58,8.22,,1.94,2.24,0.107,,2.34,,,,,,,,,,,,,,,,52.2,32.5,53.7,,75.7,,,,,,,,,,,,,,,,,,,,,,,,,,,,,,,,,,,2.3,7.21,1.35,7.49,2.7,0.947,4.04,0.737,4.97,1.13,3.37,,3.37,0.529,,,,,,5.14,0.482,,,,,,32.5,69.2,0.339,53.7,15.4,,2.33,,,,,,9.52,,,,,,2.21,52.2,,,,,0.346,,,53.1,,,,,,31.0,,,,72.6,0.15,,0.124,,,0.0685,304.0,,29.1,75.7,89.1,,,,,,,,,,,pacific_plate_west_ref,50.0,55.0,52.5,872.42
ODP0185-0801C-046R-002/048-052,,ODP0185,"KELLEY, 2003",18.6423,156.36,0.0001,-5674.0,-5674.0,OLD_OCEANIC_CRUST,,,,ICPAES; ICPMS; IGN,WHOLE ROCK,IGNEOUS:VOLCANIC:MAFIC,BASALT,,49.74,1.8,13.18,,12.59,,,,,0.189,5.88,12.47,,2.93,0.54,0.196,,4.55,,,,,,,,,,,,,,,,39.8,38.3,64.7,,112.0,,,,,,,,,,,,,,,,,,,,,,,,,,,,,,,,,,,3.79,12.6,2.23,11.9,4.15,1.44,1.02,5.75,6.53,1.41,3.91,,3.56,0.539,,,,,,12.7,0.699,,,,,,38.3,112.0,0.226,64.7,16.5,,3.36,,,,,,9.65,,,,,,3.47,39.8,,,,,0.603,,,13.8,,,,,,41.1,,,,114.0,0.259,,0.189,,,0.171,376.0,,40.4,112.0,126.0,,,,,,,,,,,pacific_plate_west_ref,48.0,52.0,50.0,899.9
ODP0185-0801C-050M-001/029-032,,ODP0185,"KELLEY, 2003",18.6423,156.36,0.0001,-5674.0,-5674.0,OLD_OCEANIC_CRUST,,,,ICPAES; ICPMS; IGN,WHOLE ROCK,IGNEOUS:VOLCANIC:MAFIC,BASALT,,48.05,2.29,15.36,,13.17,,,,,0.242,6.79,10.46,,3.09,0.0948,0.218,,2.39,,,,,,,,,,,,,,,,61.2,40.4,84.2,,119.0,,,,,,,,,,,,,,,,,,,,,,,,,,,,,,,,,,,4.84,15.7,2.78,14.9,5.1,1.77,7.11,1.27,8.11,1.76,4.99,,4.83,0.753,,,,,,14.8,0.602,,,,,,40.4,143.0,0.0526,84.2,22.4,,3.85,,,,,,10.5,,,,,,4.33,61.2,,,,,0.413,,,1.39,,,,,,50.1,,,,135.0,0.3,,0.191,,,0.137,427.0,,56.1,119.0,138.0,,,,,,,,,,,pacific_plate_west_ref,29.0,32.0,30.5,931.79
ODP0185-0801C-052M-001/047-049,,ODP0185,"KELLEY, 2003",18.6423,156.36,0.0001,-5674.0,-5674.0,OLD_OCEANIC_CRUST,,,,ICPAES; ICPMS; IGN,WHOLE ROCK,IGNEOUS:VOLCANIC:MAFIC,BASALT,,48.52,2.17,13.74,,13.65,,,,,0.259,6.97,11.14,,2.85,0.105,0.209,,0.52,,,,,,,,,,,,,,,,44.6,51.1,59.2,,122.0,,,,,,,,,,,,,,,,,,,,,,,,,,,,,,,,,,,4.19,14.3,2.58,13.9,4.85,1.7,6.82,1.24,7.98,1.75,4.98,,4.86,0.756,,,,,,8.99,0.58,,,,,,51.1,82.6,0.0022,59.2,20.6,,3.98,,,,,,10.1,,,,,,4.12,44.6,,,,,0.417,,,0.399,,,,,,51.9,,,,125.0,0.291,,0.236,,,0.111,489.0,,50.5,122.0,145.0,,,,,,,,,,,pacific_plate_west_ref,47.0,49.0,48.0,933.27
